codigo_inep,escola
35155226,13 DE JUNHO ESCOLA
35116580,14 DE AGOSTO ESCOLA
35142724,14 DE JULHO COLEGIO
23239204,15 DE ABRIL CENTRO EDUCACIONAL
35194273,20 DE NOVEMBRO COLEGIO
23246561,21 DE ABRIL COLEGIO BEZERRA DE MENEZES
35192211,24 DE MAIO COLEGIO
23077557,7 DE SETEMBRO COLEGIO - EBS
23077549,7 DE SETEMBRO COLEGIO - NGS
35137716,8 DE MAIO COLEGIO
35107906,A EINSTEIN COLEGIO
35108923,ABACO COLEGIO
35481014,ABACO III COLEGIO
35286138,ABC MASTER ESCOLA DE ENSINO FUNDAMENTAL
35124886,ABRAHAO NAIME COLEGIO
35813936,ABSOLUTO COLEGIO
35103160,ABSOLUTO COLEGIO
35161469,ABSOLUTO COLEGIO
15159485,ACADEMIA BORDONI DE REFERENCIA EDUCACIONAL ABRE
26112558,ACADEMIA SANTA GERTRUDES
26171155,ACADEMIA SAO MATEUS DO JANGA LTDA
35130606,ACADEMICO EDUCACIONAL
25101579,ACAO COLEGIO E CURSO
35118606,ACEI ESCOLA EIFM
41602919,ACESSO BOQUEIRAO
41152689,ACESSO CAMPO LARGO
42158133,ACESSO EDUCACAO
41149971,ACESSO FAZENDA RIO GRANDE
41150120,ACESSO SANTA FELICIDADE
41387155,ACESSO SAO JOSE DOS PINHAIS
35194827,ACONCHEGO CENTRO EDUCACIONAL
35197221,ADAMANTINENSE COLEGIO
35133772,ADELIA CAMARGO CORREA COLEGIO DE EFM
35151518,ADELIA COSTA E SILVA COLEGIO
31323772,ADJETIVO - CETEP CENTRO TECNICO ENSINO PROFISSIONAL
33218803,ADN MASTER COLEGIO LTDA
35197397,ADONAI COLEGIO
35466153,ADV BOTUCATU UNIDADE IV COLEGIO
35299546,ADV COLEGIO
35299789,ADV COLEGIO UNIDADE II
35139932,ADVENTISTA COLEGIO
35168671,ADVENTISTA COLEGIO DE INTERLAGOS
35106926,ADVENTISTA DA LIBERDADE COLEGIO
35166686,ADVENTISTA DE AMERICANA ESCOLA
35107645,ADVENTISTA DE CAMPO LIMPO COLEGIO
35108182,ADVENTISTA DE GUARULHOS ESCOLA
35150344,ADVENTISTA DE ITAPECERICA DA SERRA COLEGIO
41160258,ADVENTISTA PINHAIS E - EF
35107633,ADVENTISTA SANTO AMARO COLEGIO
35132160,ADVENTISTA SAO CAETANO DO SUL COLEGIO
35118588,ADVENTISTA TAUBATE TREMEMBE COLEGIO
35176597,ADVENTUS COLEGIO
33039976,AESVP COLEGIO VICENTINO SANTA ISABEL
35438170,AFAM COLEGIO UNIDADE SAO MIGUEL
35141112,AFONSO PENA ESCOLA E I F M
23489995,AGAPE COLEGIO
23247088,AGAPE COLEGIO
35158550,AGNUS COLEGIO
23072881,AGNUS COLEGIO
35150654,AGUA VIVA COLEGIO
35115400,AIMONE SALERNO DR COLEGIO
35164768,AJUDANDO A ESCOLHER O SEU CAMINHO COLEGIO AESC
35125830,ALBERT EINSTEIN COLEGIO
35103081,ALBERT EINSTEIN COLEGIO
35192107,ALBERT EINSTEIN DE ORLANDIA COLEGIO
35498646,ALBERT EINSTEIN ETIEP UNIDADE II
35124199,ALBERT SABIN COLEGIO
35118503,ALBERT SABIN ESCOLA DE ENSINO MEDIO
35174920,ALCANCE COLEGIO
35167794,ALCANCE COLEGIO
41386329,ALDEIA DO SOL CEI EF M
35143820,ALEGRIA DE CRESCER ESCOLA DE ENS MEDIO
35114042,ALEM COLEGIO
35260939,ALEXANDRA COLEGIO
35440310,ALEXANDRE DUMAS COMPLEXO EDUCACIONAL
35165529,ALFA BETA COLEGIO
35160544,ALFA COLEGIO UNIDADE II
41382161,ALFA DE UMUARAMA CENTRO C E M
35296016,ALFA OMEGA COLEGIO
41150546,ALFA REDE DE ENSINO
42003555,ALFA REDE DE ENSINO
41162420,ALFA REDE DE ENSINO
41158555,ALFA REDE DE ENSINO
42064856,ALFA REDE DE ENSINO
42130875,ALFA REDE DE ENSINO
41377001,ALFA REDE DE ENSINO
42073944,ALFA REDE DE ENSINO
42160499,ALFA REDE DE ENSINO
42091462,ALFA REDE DE ENSINO
41158768,ALFA REDE DE ENSINO
41159640,ALFA REDE DE ENSINO
41157044,ALFA REDE DE ENSINO
41372379,ALFA REDE DE ENSINO
35193914,ALFABETO COLEGIO
35111259,ALFREDO JOSE BALBI DOUTOR ESCOLA DE APLICACAO
25132059,ALGORITMO COLEGIO E CURSO
35154441,ALIADO COLEGIO UNIDADE CLUBE GUAPIRA
35809688,ALIADO COLEGIO UNIDADE JARDIM JAPAO
35134569,ALIADO COLEGIO UNIDADE JOAO PAULO II
41099605,ALIANCA CEI EF M
35143650,ALIANCA COLEGIO
35144721,ALICERCE COLEGIO
35152195,ALMA MATER COLEGIO
35142360,ALMEIDA GASPARIN COLEGIO
35802086,ALMEIDA JUNIOR INSTITUTO DE EDUCACAO
35155755,ALPHA INSTITUTO EDUCACIONAL
35561320,ALPHA LUMEN INSTITUTO
35125696,ALPIS VEREDAS COLEGIO
35115368,ALTA MOGIANA FUNDACAO EDUCACIONAL
33025460,ALTERNATIVA COLEGIO
27224821,ALTERNATIVA ESCOLA DE EDUCACAO BASICA
35429211,ALTERNATIVO AVANCADO COLEGIO
23307013,ALTERNATIVO COLEGIO
35568028,ALTERNATIVO COLEGIO
28033450,ALTERNATIVO CURSO E COLEGIO
41602056,ALTO PADRAO COLEGIO ED INF E ENS FUND E MED
35114510,ALTO PADRAO FRANCANO INSTITUTO ENSINO
35109356,ALVES COLEGIO
35101965,ALVORADA COLEGIO
35125659,AMERICANA INSTITUTO EDUCACIONAL DE
35151907,AMERICO FRANCO INSTITUTO EDUCACIONAL
33110549,AMETISTA EMPREENDIMENTOS EDUCACIONAIS LTDA - COLEGIO CRISTAO OLIVEIRA ARAUJO
24087505,AMO COLEGIO E CURSO
35808301,AMORIM COLEGIO
35163338,AMORIM COLEGIO
35100730,AMORIM SANTA TERESA COLEGIO
35466657,ANA LELIS SANTANA CENTRO EDUCACIONAL UNID II
29455200,ANA MARIA RIBEIRO DE ALMEIDA
25206800,ANA VIRGINIA SARAIVA DO NASCIMENTO
35137078,ANALISE COLEGIO UNIDADE I
26101106,ANBEC - COLEGIO DE NOSSA SENHORA DE LOURDES
41140397,ANCHIETA CEF M
35153394,ANCHIETA COLEGIO
35130898,ANCHIETA COLEGIO
35108959,ANCHIETA COLEGIO
41127170,ANCHIETA CTRO EDUC - LTDA
23243597,ANDELINE COSTA COLEGIO
35159359,ANDRADE INSTITUTO EDUCACIONAL
35139488,ANDRADINA CENTRO EDUCACIONAL DE
35326343,ANGLO ALDEIA DA SERRA
33439796,ANGLO AMERICANO ESCOLAS INTEGRADAS LTDA
35581367,ANGLO BOTUCATU
41071581,ANGLO C EI EF M
25092260,ANGLO CENTRO DE EDUCACAO LTDA
35513672,ANGLO CERQUILHO COLEGIO
35144502,ANGLO CEZANNE COLEGIO
35121307,ANGLO CIDADE DE SAO CARLOS COLEGIO
35128659,ANGLO DE BOITUVA E FUNDAMENTAL E MEDIO COLEGIO
35802852,ANGLO IBIUNA COLEGIO
42161398,ANGLO ITAPEMA
35811683,ANGLO ITATIBA CURSO E COLEGIO
41023960,ANGLO MARINGA CEF M
35153989,ANGLO MORUMBI COLEGIO
35155767,ANGLO SALTO DE PIRAPORA
35158616,ANGLO SISTEMA DE ENSINO
50032950,ANGLO TRES LAGOAS
35105971,ANHEMBI MORUMBI COLEGIO
35139397,ANJO DA GUARDA SAO RAFAEL COLEGIO
23274859,ANTARES ATS COLEGIO
23077042,ANTARES ATS COLEGIO
23075961,ANTARES ATS COLEGIO
35150757,ANTARES COLEGIO
35143443,ANTENOR THOMAZI COLEGIO CRISTAO
35136396,ANTOINE DE SAINT EXUPERY COLEGIO
35481397,ANTONI GAUDI COLEGIO
35110917,ANTONIO AFONSO COLEGIO
35173548,APICE INSTITUTO EDUCACIONAL LTDA
35197415,APICYS COLEGIO
35109393,APLICACAO DE OSASCO COLEGIO
35161559,APOGEU COLEGIO
35172856,APOLLO COLEGIO
35156541,APRENDIZ DO FUTURO COLEGIO
35481580,APROVADO COLEGIO E CURSO
35290920,AQUARELA ESCOLA DE ENSINO MEDIO
35291511,ARARA AZUL COLEGIO
35801793,ARARAS LICEU
35802839,ARBOS COLEGIO UNIDADE MARECHAL DEODORO
35448886,ARCA DE NOE ESCOLA DE EDUCACAO INFANTIL E ENSINO FUNDAMENTAL
35153692,ARCADIA COLEGIO
35005969,ARCO ESCOLACOOPERATIVA
35125349,ARCO IRIS EVOLUCAO COLEGIO
35144952,ARGUMENTO COLEGIO
23069864,ARI DE SA CAVALCANTE COLEGIO - DUQUE DE CAXIAS
23235543,ARI DE SA CAVALCANTE COLEGIO - MAJOR FACUNDO
23272430,ARI DE SA CAVALCANTE SEDE ALDEOTA COLEGIO
23246871,ARI DE SA CAVALCANTE SEDE MARIO MAMEDE COLEGIO
35806389,ARMANDO ZOLLNER ESCOLA UNIAO DE SISTEMA DE ENSINO FAZER
41133307,ARQUIDIOCESANO DE CURITIBA C - EF M
35165086,ARTE EMPREENDIMENTOS EDUCACIONAIS ESCOLA
35809901,ARTE LIVRE COLEGIO
35808325,ARTEMAIOR COLEGIO EDUCACAO INFANTIL ENS FUNDAMENTAL E MEDIO
35108650,ARTUR DE QUEIROS CENTRO EDUCACIONAL
35807503,ARTUR FERREIRA COLEGIO EF E PRE ESCOLA CONCHINHA
35122993,ARUA COLEGIO
35297987,ARUJAZINHO CENTRO EDUCACIONAL COLEGIO DOM BOSCO
35173241,ASSEMBLEIANO DE MARILIA COLEGIO
51087871,ASSOCIACAO BENEDITINA DA PROVIDENCIA - COLEGIO MAE DA DIVINA PROVIDENCIA
13025082,ASSOCIACAO DE CIENCIAS EDUCACAO E TECNOLOGIA DA AMAZONIA
35290762,ASSOCIACAO DE DESENVOLVIMENTO EDUCACIONAL CSM
35125878,ASSOCIACAO DE ENS DE BOITUVA ESCOLA
35138708,ASSOCIACAO DE ENSINO GUARARAPES
35119933,ASSOCIACAO DE ENSINO ITAPORANGA
26057506,ASSOCIACAO EDUCACIONAL AUXILIADORA
51071673,ASSOCIACAO EDUCACIONAL DALILO SANTO POLESSO
35111119,ASSOCIACAO EDUCACIONAL DE CACAPAVA
26188651,ASSOCIACAO EDUCACIONAL DOM MIGUEL DE LIMA VALVERDE
33078866,ASSOCIACAO EDUCACIONAL GARRIGA DE MENEZES
31323942,ASSOCIACAO EDUCACIONAL JOHANN KEPLER
21254184,ASSOCIACAO EDUCACIONAL PROFESSORA NORONHA
35138769,ASTHER COLEGIO
35139452,ATENEU COLEGIO
35809111,ATENEU COLEGIO
35139208,ATENEU DE SAO CAETANO DO SUL COLEGIO UNIDADE III
23065672,ATENEU DO CEARA COLEGIO
23243163,ATENEU DO CEARA COLEGIO
35268586,ATHENAS INSTITUTO DE EDUCACAO
35805048,ATHENEU COLEGIO
35143112,ATIBAIA COLEGIO
35137881,ATIBAIA COLEGIO INTEGRADO DE
35152110,ATIVA DE EDUCACAO E CULTURA COLEGIO
35165943,ATLANTICO DE ENSINO INSTITUTO
35185619,ATOMO COLEGIO
52106748,ATOMO ENEM E PRE VESTIBULAR
27046362,ATUAL CURSOS EDUCACAO BASICA
31331619,ATUAL SISTEMA DE ENSINO
35429612,AUBRICK ESCOLA BILINGUE MULTICULTURAL
35809724,AUGUSTO FREITAS CENTRO EDUCACIONAL
35170458,AUGUSTO HELOI COLEGIO
35143406,AUGUSTO LARANJA COLEGIO UNIDADE I
35442392,AUGUSTO RAMOS COLEGIO
35108112,AUGUSTO RUSCHI COLEGIO
35157478,AUGUSTO SILVA COLEGIO
35304049,AUTENTICO COLEGIO
23235950,AUXILIADORA NOSSA SENHORA ESCOLA
33196788,AVANCO CURSO E COLEGIO LTDA
33189137,AVANCO FREGUESIA COLEGIO E CURSO LTDA
41152441,AXIA C - EM
23165022,AZARIAS SOBREIRA ESCOLA SESI PADRE - UNIDADE DE NEGOCIOS SESI CARIRI
35160453,BALAO AZUL DINAMICO ESCOLA EDUCACAO INF E ENS FUNDAMENTAL
35104985,BANDEIRANTES COLEGIO EFM
35113402,BARAO DE LIMEIRA COLEGIO
35108613,BARAO DE MAUA COLEGIO
35114911,BARAO DE MAUA ESCOLA DE ED INFANTIL FUNDAMENTAL E MEDIO
35119891,BARAO DE PIRATININGA UNIDADE ESCOLAR DE ENSINO INTEGRADO
35143297,BASIC COLEGIO
35477175,BATALHA COLEGIO
35150095,BATISTA AGAPE COLEGIO
35160763,BATISTA BIBLICO INSTITUTO EDUCACIONAL
35102751,BATISTA BRASILEIRO COLEGIO
35118114,BATISTA BRASILEIRO UNIDADEBAURU
35142529,BATISTA DA PENHA COLEGIO
35143029,BATISTA DE ITAPEVI ESCOLA
23232242,BATISTA SANTOS DUMONT - COLEGIO ANEXO I
23065893,BATISTA SANTOS DUMONT COL
35480745,BEACON SCHOOL
35105961,BEATISSIMA VIRGEM MARIA INSTITUTO DE EDUCACAO
35127991,BEIT YAACOV ESCOLA
35810307,BEKA COLEGIO UNIDADE III
35802281,BELA ALVORADA COLEGIO
35124266,BEM ME QUER CENTRO DE ESTUDOS INTEGRADOS
35163831,BENEDITINO DE VINHEDO COLEGIO
35104991,BENJAMIN CONSTANT COLEGIO
35125568,BENTO QUIRINO COLEGIO POLITECNICO UNIDADE II
41077865,BERTONI CEI EF M
35185565,BETEL BRASILEIRO COLEGIO
53002636,BLUE SCHOOL EDUCACIONAL
41352866,BOM JESUS DIVINA PROVIDENCIA COL EDUC INF ENS FUND E MEDIO
35299807,BOM JESUS DOS PERDOES INSTITUTO EDUCACIONAL
41138430,BOM JESUS SAO JOSE DOS PINHAIS COL EDUC INFANTIL ENSINO FUNDAMENTAL E MEDIO
41131789,BOM JESUS SEMINARIO
35150061,BOM RETIRO COLEGIO
31365599,BOM SUCESSO ESCOLA MONTESSORIANA
41385616,BONAPARTE CEF M
35811543,BOSCARIOLI COLEGIO
41361555,BOSCO C DEI EF M
41163117,BOSCO COLOMBO C DEI EF M
41150635,BOSCO DE MARINGA II C DEM
41145461,BOSCO TOMAZINA C DEI EF M
35117195,BRAGA MELLO COLEGIO
35457334,BRANTA DE EDUCACAO INSTITTUTO
35810617,BRASIL COLEGIO
35114923,BRASIL COLEGIO
35133565,BRASIL JOVEM COLEGIO
35153771,BRASILEIRA ESCOLA DE EDUCACAO
35131660,BRASILIA DE SAO PAULO COLEGIO
35135094,BRASILIS COLEGIO
35161937,BRAZILIAN INTERNATIONAL SCHOOL
35154337,BRIDA COLEGIO
53016963,C DE ENS DO SESI DF - SOBRADINHO
53010450,C DE ENS EBENEZER - CENEB
53038002,C DE ENS MEDIO DELTA
31246395,C EDUC COEDUCAR
31312096,C EDUC DE ERVALIA
31247481,C EDUC GALILEU GALILEI
31274691,C EDUC GENNY GOMES
31223131,C EDUC MARIA MADALENA F PASS0S
31229865,C EDUC SAO TOMAS DE AQUINO
31245372,C EDUC SEBASTIANA ALVES
31196142,C EDUC TEC GAL EDMUNDO M S SILVA
53014707,C EDUCACIONAL CCI SENIOR
53013808,C EDUCACIONAL DPAULA
53001087,C EDUCACIONAL LEONARDO DA VINCI
53001095,C EDUCACIONAL LEONARDO DA VINCI - UNID NORTE
53017315,C EDUCACIONAL LOGOS
53010973,C EDUCACIONAL PROJECAO SOBRADINHO
53003721,C EDUCACIONAL PROJECAO TAGUATINGA NORTE
53010507,C EDUCACIONAL RENASCENCA
53001192,C EDUCACIONAL SAGRADA FAMILIA
53001222,C EDUCACIONAL SIGMA
53020006,C EDUCACIONAL SIGMA - ASA NORTE
53015347,C EDUCACIONAL SIGMA AGUAS CLARAS
53013387,C EDUCATIVO PASSIONISTA MAE DA SANTA ESPERANCA
53009967,C OLIMPICO DE ENSINO
24084174,CADE - CENTRO AVANCADO DE ENSINO
35442446,CADMUS COLEGIO
41076087,CAESP
41162650,CAESP MEDIANEIRA C - EI EF M
35560820,CAETANO ALVARES COLEGIO UNIDADE I
35174142,CAICARA COLEGIO
41163559,CAMBARA C EM
35288822,CAMINHAR INSTITUTO EDUCACIONAL
35126792,CAMINHO FELIZ CENTRO DE ENSINO CECAF
35007102,CAMINO SCHOOL
35172741,CAMOES COLEGIO
35566809,CAMP COLEGIO
35288100,CAMPOS DE HOLAMBRA ESCOLA COOPERATIVA DE EDUCACAO BASICA
35140806,CANADA COLEGIO
33198640,CANADIAN SCHOOL OF NITEROI -ITACOATIARA
35186173,CANCAO NOVA INSTITUTO
35112951,CANDELARIA COLEGIO
35288573,CANDELARIA INSTITUTO EDUCACIONAL
35071936,CANELLO MARQUES COLEGIO
35195133,CANOPUS COLEGIO
35480289,CANTAREIRA ENSINO MEDIO COLEGIO UNIDADE II
35186454,CANTINHO ALEGRE ESCOLA ED INFANTIL E ENS FUNDAMENTAL E MEDIO
33185417,CAP- COLEGIO DE APLICACAO IURJ
35125416,CARAGUATA CENTRO EDUCACIONAL
35468400,CARBONELL COLEGIO
35313524,CARDEAL LIZARTE COLEGIO
35174087,CARITAS ESCOLA
25153820,CARL ROGERS - CENTRO DE EDUCACAO
35174658,CARLOS CHAGAS FILHO EEIEFM
41019644,CARLOS D DE ANDRADE CEI EF M
35135549,CARLOS DRUMMOND DE ANDRADE COLEGIO
35142759,CARLOS DRUMMOND DE ANDRADE COLEGIO
35124679,CARLOS DRUMOND DE ANDRADE COLEGIO
35142839,CARLOS DRUMOND DE ANDRADE COLEGIO
35144125,CARLOS DRUMOND DE ANDRADE COLEGIO
23079843,CARLOS LOBO SC LTDA INSTITUTO PEDAGOGICO PROF
35159190,CARLOS MONTEIRO LICEU
35109708,CARMO COLEGIO
35106159,CARNEIRO RIBEIRO PROF COLEGIO
31365424,CASA VIVA EDUCACAO E CULTURA
51051192,CASINHA FELIZ CENTRO DE ENSINO SC
35118564,CASSIANO RICARDO COLEGIO
35369226,CASTANHEIRAS ESCOLA
35159578,CASTILHO SANTOS CENTRO EDUCACIONAL
35121952,CASTRO ALVES CENTRO EDUCACIONAL
35101679,CASTRO ALVES COLEGIO
23066644,CASTRO ALVES COLEGIO
23060980,CASTRO INSTITUTO DE EDUCACAO
41048261,CASUCHA CEI EF M
32039654,CAT ARLETHE ZORZANELLI BUAIZ
32034288,CAT BARBARA MONTEIRO LINDEMBERG
32063512,CAT HELCIO REZENDE DIAS
32041390,CAT JOSE TARQUINIO SILVA
41053923,CAVANIS CEI EF M
35151725,CAVLAC COLEGIO
24078450,CDF COLEGIO E CURSO
24083186,CDF COLEGIO E CURSO
32039999,CE AGOSTINIANO
21180415,CE APRENDER PENSANDO
21266158,CE ARCO IRIS LTDA
21093040,CE BALAO MAGICO
21231575,CE CONCORDIA
32066880,CE DARWIN GRANDE VITORIA
53002571,CE DO SESI-DF - GAMA
53003551,CE DO SESI-DF - TAGUATINGA
32073968,CE INTERACAO
21226253,CE JOAO PAULO II
32052936,CE LAURO PINHEIRO
32040032,CE LEONARDO DA VINCI
32065353,CE LINUS PAULING
32070276,CE MUNDO MODERNO
51013312,CE PIAGET ENSINO DE PRIMEIRO E SEGUNDO GRAUS
32076606,CE RADIER
32039050,CE SANTA RITA DE CASSIA
32034318,CE SONHO MEU
33107319,CEBM SAO MATEUS
31274216,CEC CENTRO EDUCACIONAL CONSTRUIR
35124849,CECI COLEGIO DE ENSINO FUNDAMENTAL E MEDIO
35135636,CECILIA CACAPAVA CONDE COLEGIO EIPSG
41353560,CECILIA MEIRELES C EI EF M
35143091,CECILIA MEIRELES COLEGIO
35153473,CECILIA MEIRELES POETISA CENTRO EDUCACIONAL
31281921,CECRI C EDUC CRIATIVO
53013670,CED LEONARDO DA VINCI - UNIDADE TAGUATINGA
53086007,CED VITORIA REGIA
16009762,CEDAP - CENTRO DE EDUCACAO DO AMAPA
32082070,CEDTEC ENSINO E SOLUCOES DIDATICAS LTDA
25116746,CEDUC SANTA LUZIA - CENTRO EDUCACIONAL SANTA LUZIA
21046050,CEEFM INACIA BRAGA CANTANHEDE
31279986,CEFEM CENTRO DE FORMACAO EDUCACIONAL MACHADENSE
35135951,CEFI ESCOLA
32097603,CEFM IN PACTO
42113580,CEFRAI CENTRO DE EDUCACAO FRAIBURGO
42127831,CEI E ENSINO FUNDAMENTAL E MEDIO CORACAO FELIZ LTDA EPP
32038160,CEIC
33191182,CEIVA ESCOLA CRISTA LTDA
35151075,CELESTIN FREINET EEI E PG
35137807,CELLULA MATER COLEGIO UNIDADE II
35159585,CELTAS DE VOTUPORANGA COLEGIO
31293971,CEM - CENTRO EDUCACIONAL DE MANHUACU
29422370,CEMA
51039010,CEMA - CENTRO EDUCACIONAL MARIA AUXILIADORA
42150060,CEMAP CE MUNDO DE APRENDIZAGEM
31310891,CEMAR CENTRO EDUCACIONAL MARIO RABELO-UNIDADE II
25003828,CEMO JUNIOR CENTRO DE ESTUD MODERNOS
33188718,CEMU 2 - SIMONE NASCIMENTO GARCIA ME
14001080,CEN DE EDUC DO TRAB JOAO DE MENDONCA FURTADO - SESI
33101051,CENA - CENTRO DE ENS ATUALIZADO LTDA
43075266,CENT DE ED BAS FRANCISCO DE ASSIS
29167361,CENT EDUC SIMOES FILHO
35100161,CENTENARIO COLEGIO
26115450,CENTRO CULTURAL ALBERTO GOMES
33175993,CENTRO CULTURAL PEDRO II - CARVALHO RAMOS
33159157,CENTRO CUTURAL MANILHA UNIDADE II
15147002,CENTRO DE APRENDIZAGEM CRESCER
15566552,CENTRO DE APRENDIZAGEM E DESENVOLVIMENTO PERCEPCAO
17072026,CENTRO DE ATIVIDADE DO TRABALHADOR
13096982,CENTRO DE ATIVIDADES DANILO DE MATOS AREOSA - SESC
32021780,CENTRO DE ATIVIDADES EURICO DE AGUIAR SALLES
32052367,CENTRO DE ATIVIDADES JONES DOS SANTOS NEVES
52104168,CENTRO DE ATIVIDADES SESI JARDIM COLORADO
42130930,CENTRO DE ED CAMBORIU LTDA ME - CECAM
42136776,CENTRO DE ED ELCANA
42142750,CENTRO DE ED OBJETIVO
42149223,CENTRO DE ED PROFISSIONAL SENAC PALHOCA
31018864,CENTRO DE EDUCACAO ANGHER
33522294,CENTRO DE EDUCACAO APLICADA SAO FIDELIS LTDA
32082754,CENTRO DE EDUCACAO BASICA E PROFISSIONAL HENRIQUE MEYERFREUND - SESI
51014467,CENTRO DE EDUCACAO BASICA SAO JOSE
32064950,CENTRO DE EDUCACAO BASICA SESI RAUL GIUBERTI
29439833,CENTRO DE EDUCACAO BEIJA FLOR LTDA
29635616,CENTRO DE EDUCACAO COLIBRI
35150393,CENTRO DE EDUCACAO CONSTRUINDO
28032861,CENTRO DE EDUCACAO DE ENS FUNDAMENTAL E MEDIO DO SESI JAIR MENEGUELLI
26101882,CENTRO DE EDUCACAO DIMENSAO
31096211,CENTRO DE EDUCACAO E CULTURA - CEC
15168735,CENTRO DE EDUCACAO E QUALIFICACAO PROFISSIONAL POTENCIA MASTER
33083550,CENTRO DE EDUCACAO E TECNOLOGIA DO GRANDE RIO
29383293,CENTRO DE EDUCACAO EULINA FELIPE
15160491,CENTRO DE EDUCACAO INFANTIL E FUNDAMENTAL O FUTURO E HOJE
14000814,CENTRO DE EDUCACAO INTEGRADA COLMEIA LTDA
24350303,CENTRO DE EDUCACAO INTEGRADA MAIS LTDA
24025461,CENTRO DE EDUCACAO INTEGRADA MONSENHOR HONORIO
24089214,CENTRO DE EDUCACAO INTEGRADA S A - ROBERTO FREIRE
24069191,CENTRO DE EDUCACAO INTEGRADA S A - ROMUALDO
24083550,CENTRO DE EDUCACAO INTEGRADA ZONA SUL LTDA
13098284,CENTRO DE EDUCACAO INTEGRAL CHRIST MASTER
29436770,CENTRO DE EDUCACAO INTEGRAL DE IRECE
29410991,CENTRO DE EDUCACAO M FIGUEIREDO
29256038,CENTRO DE EDUCACAO MARIA NILZA AZEVEDO SILVA
33149763,CENTRO DE EDUCACAO MODERNA
33186723,CENTRO DE EDUCACAO MODERNA
29340810,CENTRO DE EDUCACAO PROBO MEIRA JUNIOR
24078077,CENTRO DE EDUCACAO PROF MARIA NORMA ALVES
31326917,CENTRO DE EDUCACAO PROFISSIONAL ALPHA LTDA
26192632,CENTRO DE EDUCACAO PROFISSIONAL MEDIOTEC
14324636,CENTRO DE EDUCACAO SESC
13032127,CENTRO DE EDUCACAO SESC JOSE ROBERTO TADROS
29460166,CENTRO DE EDUCACAO TECNOLOGICA DO ESTADO DA BAHIA - CETEB
33057443,CENTRO DE ENS INT RABELLO AMIN JD ESC LAPIS DE COR
50007874,CENTRO DE ENS NOSSA SENHORA AUXILIADORA
52102513,CENTRO DE ENSINO ACOLHER
31374628,CENTRO DE ENSINO ADMISSAO
13031457,CENTRO DE ENSINO ALPHA DELTA
35185218,CENTRO DE ENSINO CACA TALENTOS
32038178,CENTRO DE ENSINO CHARLES DARWIN
32041411,CENTRO DE ENSINO CHARLES DARWIN
11000058,CENTRO DE ENSINO CLASSE A
42152968,CENTRO DE ENSINO CLICK SOLUCOES
32074182,CENTRO DE ENSINO COLATINENSE DARWIN
25123785,CENTRO DE ENSINO CONTEMPORANEO LTDA
51066297,CENTRO DE ENSINO DE JACIARA LTDA - ESCOLA DOM BOSCO
25092448,CENTRO DE ENSINO DECISAO LTDA
33172315,CENTRO DE ENSINO E CULTURA
25130676,CENTRO DE ENSINO E EDUCACAO DA BORBOREMA LDTA
25134167,CENTRO DE ENSINO E SERVICOS PREPARATORIOS DE VESTIBULARES LTDA
25132032,CENTRO DE ENSINO EDUCA NEXUS
29457041,CENTRO DE ENSINO EDUCAR
15176142,CENTRO DE ENSINO EXITUS
42159423,CENTRO DE ENSINO FLORIPA
42114357,CENTRO DE ENSINO GUROO
25133985,CENTRO DE ENSINO HBS LTDA
33138672,CENTRO DE ENSINO INTEGRADO
17055350,CENTRO DE ENSINO INTEGRADO DAS AMERICAS - ESCOLA MAPLE BEAR DE PALMAS
32076223,CENTRO DE ENSINO LINHARENSE DARWIN
27047512,CENTRO DE ENSINO LOGOS
16011694,CENTRO DE ENSINO MADRE TEREZA
43104975,CENTRO DE ENSINO MEDIO FARROUPILHA - UNIDADE DE ENSINO COLEGIO FARROUPILHA
43201717,CENTRO DE ENSINO MEDIO PASTOR DOHMS- UNIDADE DE ENSINO ZONA NORTE
43109284,CENTRO DE ENSINO MEDIO PASTOR DOHMS- UNIDADE DE ENSINO ZONA SUL
43107494,CENTRO DE ENSINO MEDIO PASTOR DOHMS-UNIDADE DE ENSINO HIGIENOPOLIS
28037367,CENTRO DE ENSINO MENEZES
11037474,CENTRO DE ENSINO MINEIRO
33042373,CENTRO DE ENSINO MODERNO
13100629,CENTRO DE ENSINO NIVEA ROQUE
32080778,CENTRO DE ENSINO OUSE
15570533,CENTRO DE ENSINO PLENO IDEAL
16009380,CENTRO DE ENSINO PODIUM
33181217,CENTRO DE ENSINO PRIMA
21591679,CENTRO DE ENSINO PROFESSORA MARIA DO SOCORRO COSTA MOURAO
21165874,CENTRO DE ENSINO ROSA CAMARA
53005457,CENTRO DE ENSINO SANTA RITA DE CASSIA
21274630,CENTRO DE ENSINO THAYNARA SOUZA CABRAL
53012330,CENTRO DE ENSINO WGS LTDA
15167372,CENTRO DE ESTUDO PROFESSOR MANOEL LEITE
15208400,CENTRO DE ESTUDOS ANTENOR REIS
15185001,CENTRO DE ESTUDOS DA AMAZONIA
15531350,CENTRO DE ESTUDOS IMPACTO
33098557,CENTRO DE ESTUDOS INTEGRADOS
15516423,CENTRO DE ESTUDOS NOVO HORIZONTE
41379420,CENTRO DE EXC EM EDUCACAO CEF M
28032322,CENTRO DE EXCELENCIA MASTER
33101612,CENTRO DE FORMACAO NOGUEIRA MINEIRO
33113360,CENTRO DE FORMACAO PROFISSIONAL BEZERRA DE ARAUJO
23259876,CENTRO DE INTEGRACAO DE EDUCACAO DE JOVENS E ADULTOS
33178518,CENTRO DE INTEGRACAO OBJETIVO - CIOB
15037622,CENTRO DE SERVICOS EDUCACIONAIS DO PARA
29170567,CENTRO ED PROF JOSE NERY DE MESQUITA
35158379,CENTRO ED PROPEDEUTICO EI ENSINO FUNDAMENTAL MEDIO E EJA
33087407,CENTRO EDUC ANISIO TEIXEIRA
33029318,CENTRO EDUC BARRA MANSA
33061629,CENTRO EDUC BETEL MATRIZ
33071292,CENTRO EDUC CARVALHO DE MENDONCA
33149879,CENTRO EDUC CASSANDRA E MARCELO PAES LTDA
42114063,CENTRO EDUC CRANDON
33150699,CENTRO EDUC DE ITABORAI PEDRO E SANTANA
33100268,CENTRO EDUC DE MAMBUCABA LTDA
33123829,CENTRO EDUC FERNANDES MARQUES
41007808,CENTRO EDUC GLOBAL CEF M
33130086,CENTRO EDUC IARA QUEIROZ DA SILVA
29386462,CENTRO EDUC JOHN FITZGERALD KENNEDY
33092982,CENTRO EDUC JOSE DE ANCHIETA
33115630,CENTRO EDUC LAZARES
33076820,CENTRO EDUC LUIZ DE CAMOES - CASA JD PINOCHIO LTDA
15584240,CENTRO EDUC MONS GIOVANNI BROCCARDO
33079030,CENTRO EDUC NOVO MUNDO
15523403,CENTRO EDUC NSRA DE FATIMA
33126000,CENTRO EDUC OLIVIA LIMA E JD DE INF MIRIM LTDA
28017463,CENTRO EDUC PEQUENO INFANTE LTDA
42145481,CENTRO EDUC PORTO DAS AGUAS LTDA
33028850,CENTRO EDUC PRES WASHINGTON LUIS
28017480,CENTRO EDUC PROF JOSE SEBASTIAO DOS SANTOS
33142645,CENTRO EDUC PROFESSOR ELIAS
41159683,CENTRO EDUC PROFISSIONAL BIOPARK
33090092,CENTRO EDUC RAUL VEIGA
29055334,CENTRO EDUC SAGRADO CORACAO
33105243,CENTRO EDUC SAO JOSE
33042462,CENTRO EDUC SERRA DOS ORGAOS
52092488,CENTRO EDUC SESC CIDADANIA ELIAS BUFAICAL NETO
33104107,CENTRO EDUC SOARES HERDY
33026378,CENTRO EDUC TERRA NOVA DE ARARUAMA LTDA
29608600,CENTRO EDUCACIONAL ADVENTISTA CONQUISTENSE
25226800,CENTRO EDUCACIONAL AGAPE
13104586,CENTRO EDUCACIONAL AJURICABA
13026020,CENTRO EDUCACIONAL AMAZONIA
33473218,CENTRO EDUCACIONAL AMELIA BITTENCOURT LTDA
51043963,CENTRO EDUCACIONAL ANALIA FRANCO
33190879,CENTRO EDUCACIONAL ANTONIELI GOMES
31305120,CENTRO EDUCACIONAL APRENDIZ DE EDUCACAO INFANTIL ENSINO FUNDAMENTAL E ENSINO MEDIO
33174890,CENTRO EDUCACIONAL ARAGAO TORQUATO
35587023,CENTRO EDUCACIONAL ARARAQUARA UNIDADE I
35010311,CENTRO EDUCACIONAL ARARAQUARA UNIDADE II
29387566,CENTRO EDUCACIONAL ATENAS
28042417,CENTRO EDUCACIONAL ATLANTICO
29350395,CENTRO EDUCACIONAL AURELIO SANTOS
26177552,CENTRO EDUCACIONAL BALAO MAGICO
52047180,CENTRO EDUCACIONAL BALAO MAGICO LTDA
33155585,CENTRO EDUCACIONAL BARROSO LEITE
33093881,CENTRO EDUCACIONAL BATISTA
31253065,CENTRO EDUCACIONAL BELDANI
31280879,CENTRO EDUCACIONAL BELIZA CORREA
29398479,CENTRO EDUCACIONAL BITTENCOURT - ESCOLA MENINO JESUS
33118949,CENTRO EDUCACIONAL C C S LTDA
26129680,CENTRO EDUCACIONAL CABENSE
33116709,CENTRO EDUCACIONAL CALIFORNIA
33134634,CENTRO EDUCACIONAL CAMPINHO
15179303,CENTRO EDUCACIONAL CARAJAS
32070845,CENTRO EDUCACIONAL CASTELO
29153930,CENTRO EDUCACIONAL CASTELO DA MONICA
21500720,CENTRO EDUCACIONAL CASTELO DO SABER
31322695,CENTRO EDUCACIONAL CATAGUASES
42112141,CENTRO EDUCACIONAL CATOLICA MACHADO DE ASSIS
31354910,CENTRO EDUCACIONAL CAVE
33225605,CENTRO EDUCACIONAL CECILIA MEIRELES
21599688,CENTRO EDUCACIONAL CEFA EDUCA
33063486,CENTRO EDUCACIONAL CLOTILDE GUIMARAES COL MARIA JOSE IMPERIAL
31333212,CENTRO EDUCACIONAL COLEGIO CERP
15561313,CENTRO EDUCACIONAL COLEGIO MONTE CASTELO
33143145,CENTRO EDUCACIONAL COLUMBIA 2000 LTDA
42070880,CENTRO EDUCACIONAL CONEXAO
32038330,CENTRO EDUCACIONAL CONEXAO
33102899,CENTRO EDUCACIONAL CONSELHEIRO
22144412,CENTRO EDUCACIONAL CONTEXTO
31323951,CENTRO EDUCACIONAL COOPERAR
51092824,CENTRO EDUCACIONAL COOPERATIVO - CEC
33144028,CENTRO EDUCACIONAL CORACAO DE JESUS
33118965,CENTRO EDUCACIONAL CRESCER
33174318,CENTRO EDUCACIONAL CRISTAO CEDUC - FILIAL 1
42139350,CENTRO EDUCACIONAL CUCA FRESCA
33134170,CENTRO EDUCACIONAL DA ASSED
24074667,CENTRO EDUCACIONAL DE APRENDIZAGEM MODERNA
15580580,CENTRO EDUCACIONAL DE BENEVIDES
35809494,CENTRO EDUCACIONAL DE BRODOWSKI
15159329,CENTRO EDUCACIONAL DE E F M MUNDO INTELECTO
32040040,CENTRO EDUCACIONAL DE ENSINO SUDESTE PARTICIPACOES SA - PRIMEIRO MUNDO VITORIA
17021634,CENTRO EDUCACIONAL DE GURUPI
33131236,CENTRO EDUCACIONAL DE ITAIPUACU
50021176,CENTRO EDUCACIONAL DE MUNDO NOVO - MICKEY
35141021,CENTRO EDUCACIONAL DE OLIMPIA UNIDADE I
35150236,CENTRO EDUCACIONAL DE UBATUBA
31376850,CENTRO EDUCACIONAL DESAFIO
52100553,CENTRO EDUCACIONAL DESAFIO EIRELI - ME
52089584,CENTRO EDUCACIONAL DESAFIO I EIRELI
21273332,CENTRO EDUCACIONAL DEUS E AMOR
33105758,CENTRO EDUCACIONAL DI MAGGIO
31291986,CENTRO EDUCACIONAL DIVINOPOLIS-ANGLO
43183778,CENTRO EDUCACIONAL DOM LTDA - ME
35469270,CENTRO EDUCACIONAL DOM PEDRO II
11000880,CENTRO EDUCACIONAL DR GILBERTO MENDES DE AZEVEDO
13090100,CENTRO EDUCACIONAL DRIHELLY BARBOSA
29451604,CENTRO EDUCACIONAL E TRANSPORTE N SENHORA DO CENACULO
31309753,CENTRO EDUCACIONAL EFIGENIA TOBIAS
33078963,CENTRO EDUCACIONAL ELPIDIO DA SILVA
35565672,CENTRO EDUCACIONAL ELZA ZANIN
15172201,CENTRO EDUCACIONAL ESCREVA COM LTDA
33110034,CENTRO EDUCACIONAL ESPACO INTEGRADO
33114692,CENTRO EDUCACIONAL ESTACOES DO ANO
31368520,CENTRO EDUCACIONAL EUROPA
42141451,CENTRO EDUCACIONAL EVOLUCAO
21265283,CENTRO EDUCACIONAL EXITUS
29475708,CENTRO EDUCACIONAL FELICISSIMO LTDA
15209806,CENTRO EDUCACIONAL FONTE DO SABER
31245976,CENTRO EDUCACIONAL FREI SERAFICO
28035488,CENTRO EDUCACIONAL FUTURO FELIZ LTDA
33326207,CENTRO EDUCACIONAL GOMES PEREIRA
52099067,CENTRO EDUCACIONAL HARMONIA LTDA
29459540,CENTRO EDUCACIONAL HILDEBERTO CARDOSO
35119106,CENTRO EDUCACIONAL IEBB EIRELI
53018656,CENTRO EDUCACIONAL IESB
52103560,CENTRO EDUCACIONAL IGOR XAVIER
15167259,CENTRO EDUCACIONAL IKETANI E LIBONATI
52090388,CENTRO EDUCACIONAL IMPACTO LTDA- COLEGIO EXITO
31213845,CENTRO EDUCACIONAL IMPAR
33206007,CENTRO EDUCACIONAL IMPERIAL
13090186,CENTRO EDUCACIONAL IMPERIAL
33206201,CENTRO EDUCACIONAL IMPERIAL
29180015,CENTRO EDUCACIONAL IMPERIO DO SABER
33138737,CENTRO EDUCACIONAL INACIO MEDEIROS CENTRAL LTDA
33192197,CENTRO EDUCACIONAL INACIO MEDEIROS DE ANGRA LTDA-ME
33172030,CENTRO EDUCACIONAL INACIO MEDEIROS LTDA
24068500,CENTRO EDUCACIONAL INTEGRADO DO SERIDO
35143613,CENTRO EDUCACIONAL INTERATIVO CATANDUVA
15563715,CENTRO EDUCACIONAL INTERATIVO LTDA
29437288,CENTRO EDUCACIONAL IRINEU BARBOSA
11033215,CENTRO EDUCACIONAL ISOLINA RUTTMANN - SESI
32062230,CENTRO EDUCACIONAL ISRAEL
33112959,CENTRO EDUCACIONAL JARDIM AMALIA
15539830,CENTRO EDUCACIONAL JOAO PAULO II
27216381,CENTRO EDUCACIONAL JORGE ASSUNCAO
27046877,CENTRO EDUCACIONAL JORGE DE LIMA
29421403,CENTRO EDUCACIONAL JR RIBEIRO
50013017,CENTRO EDUCACIONAL JUVENTUDE DO AMANHA
51057891,CENTRO EDUCACIONAL KHALIL ZAHER
13025872,CENTRO EDUCACIONAL LATO SENSU
13099981,CENTRO EDUCACIONAL LATO SENSU III
33104433,CENTRO EDUCACIONAL LAURA CABRAL
24081124,CENTRO EDUCACIONAL LOGOS
33058164,CENTRO EDUCACIONAL LOGOS
31213926,CENTRO EDUCACIONAL LOSANGO DONA CORINA
33121605,CENTRO EDUCACIONAL LUIZ CARLOS BARBOSA
23275308,CENTRO EDUCACIONAL M FIALHO
14000792,CENTRO EDUCACIONAL MACUNAIMA - COLEGIO FAMETRO
33051828,CENTRO EDUCACIONAL MANILHENSE
33061670,CENTRO EDUCACIONAL MANUEL PEREIRA
15584070,CENTRO EDUCACIONAL MARANATA
33181713,CENTRO EDUCACIONAL MARCOS FREITAS
33026360,CENTRO EDUCACIONAL MARGARIDA
29451876,CENTRO EDUCACIONAL MARIA CARDOSO FERREIRA
29180686,CENTRO EDUCACIONAL MARIA JOSE
29426243,CENTRO EDUCACIONAL MARIA MILZA
26163748,CENTRO EDUCACIONAL MARIA SANTISSIMA LTDA
35007041,CENTRO EDUCACIONAL MARISTA IRMAO LOURENCO
24085634,CENTRO EDUCACIONAL MASTER
11025670,CENTRO EDUCACIONAL MEMORINA ROSA CAMPOS
15156451,CENTRO EDUCACIONAL MENDARA
35167873,CENTRO EDUCACIONAL MICHELONI
31006629,CENTRO EDUCACIONAL MINEIRO
33028079,CENTRO EDUCACIONAL MISSAO DE SAO PEDRO
33130442,CENTRO EDUCACIONAL MODERNO
29456444,CENTRO EDUCACIONAL MONICA PATRICIA
26133776,CENTRO EDUCACIONAL MONTE SINAI
29378052,CENTRO EDUCACIONAL MONTEIRO LOBATO
25061631,CENTRO EDUCACIONAL MONTEIRO LOBATO
33451290,CENTRO EDUCACIONAL MONTEIRO LOBATO DE BELFORD ROXO EIRELI
21009902,CENTRO EDUCACIONAL MONTESSORIANO REINO INFANTIL
29392500,CENTRO EDUCACIONAL MORANGUINHO
35150162,CENTRO EDUCACIONAL MORIAH
28033639,CENTRO EDUCACIONAL MORONI
15159841,CENTRO EDUCACIONAL MOSAICO
29714630,CENTRO EDUCACIONAL MUNDAI
28033809,CENTRO EDUCACIONAL MUNDO MAGICO
31031691,CENTRO EDUCACIONAL NADIA SANTOS ROCHA
33142661,CENTRO EDUCACIONAL NADIR AGUIAR QUINTANILHA
33153728,CENTRO EDUCACIONAL NAIR SUPPO SC LTDA
21285241,CENTRO EDUCACIONAL NAZARE II
17056586,CENTRO EDUCACIONAL NJC
31351377,CENTRO EDUCACIONAL NOSSA ESCOLA
33008221,CENTRO EDUCACIONAL NOSSA SENHORA AUXILIADORA
29180147,CENTRO EDUCACIONAL NOSSA SENHORA DO RESGATE
29179580,CENTRO EDUCACIONAL NOSSA SRA DO RESGATE
31278912,CENTRO EDUCACIONAL NOSSO LAR
33119724,CENTRO EDUCACIONAL NOVO ALVORECER
24294306,CENTRO EDUCACIONAL NOVO HORIZONTE
25118374,CENTRO EDUCACIONAL NOVO VIVER
15175014,CENTRO EDUCACIONAL O MUNDO DA CRIANCA
35134259,CENTRO EDUCACIONAL OBJETIVO UNIDADE AQUARIUS
33179905,CENTRO EDUCACIONAL OLIVEIRA MELO
29486696,CENTRO EDUCACIONAL OPCAO
33081328,CENTRO EDUCACIONAL ORION
33113556,CENTRO EDUCACIONAL OS SABIDINHOS DE ARARUAMA
31372064,CENTRO EDUCACIONAL PADRE NATAL FERLONI
24090034,CENTRO EDUCACIONAL PAIDEIA
13076906,CENTRO EDUCACIONAL PARAISO
15586324,CENTRO EDUCACIONAL PARAISO DO ESTUDANTE
50027190,CENTRO EDUCACIONAL PAULO DE TARSO
35806584,CENTRO EDUCACIONAL PEQ FUNDAMENTAL E MEDIO
33178038,CENTRO EDUCACIONAL PERCEPCAO
33088780,CENTRO EDUCACIONAL PEREIRA ROCHA
24334308,CENTRO EDUCACIONAL PINHEIROS
33111260,CENTRO EDUCACIONAL PINHEIROS
31006165,CENTRO EDUCACIONAL PIO XII
29480310,CENTRO EDUCACIONAL PLATAFORMA LTDA
31310191,CENTRO EDUCACIONAL POCOS
33168202,CENTRO EDUCACIONAL PRE UNIVERSITARIO
51056186,CENTRO EDUCACIONAL PRIMAVERA
32083351,CENTRO EDUCACIONAL PRIMEIRO MUNDO - VILA VELHA
15176339,CENTRO EDUCACIONAL PRIMEIRO MUNDO DE OURILANDIA DO NORTE
42071151,CENTRO EDUCACIONAL PRISMA
31253367,CENTRO EDUCACIONAL PROFESSOR FRANCISCO SALDANHA LTDA
33146241,CENTRO EDUCACIONAL PROFESSOR RUY AZEVEDO
15170780,CENTRO EDUCACIONAL PROFESSORA LUCIANA ANDRADE - CEPLA
26055562,CENTRO EDUCACIONAL PROFª MARILENE FRANCA
53015991,CENTRO EDUCACIONAL PROJECAO GUARA II
52054160,CENTRO EDUCACIONAL QUASAR
33172706,CENTRO EDUCACIONAL QUEEN LMTD
13025694,CENTRO EDUCACIONAL RAIMUNDO BELO FERREIRA
26150760,CENTRO EDUCACIONAL REAL
13026321,CENTRO EDUCACIONAL RECANTO DA CRIANCA E INTERATIVO
27220214,CENTRO EDUCACIONAL RENASCER
21265216,CENTRO EDUCACIONAL RENASCER
33151296,CENTRO EDUCACIONAL RENASCER
31327026,CENTRO EDUCACIONAL RENOVACAO
27055388,CENTRO EDUCACIONAL RIBEIRO CIA LTDA
15047318,CENTRO EDUCACIONAL RITA MAIA
42099536,CENTRO EDUCACIONAL RODA PIAO
33074089,CENTRO EDUCACIONAL ROSA CHAMMA
21288380,CENTRO EDUCACIONAL ROSA DE SARON
15541843,CENTRO EDUCACIONAL RUI BARBOSA
21280746,CENTRO EDUCACIONAL SAGRES
13074130,CENTRO EDUCACIONAL SANDRA CAVALCANTE
33098980,CENTRO EDUCACIONAL SANMARTIN PEREZ
33101086,CENTRO EDUCACIONAL SANTA RITA DE CASSIA
25098829,CENTRO EDUCACIONAL SANTA TEREZINHA
29369649,CENTRO EDUCACIONAL SANTO AGOSTINHO
24097403,CENTRO EDUCACIONAL SANTO AGOSTINHO
33439672,CENTRO EDUCACIONAL SANTOS GONZALEZ
33015082,CENTRO EDUCACIONAL SAO FRANCISCO
26146290,CENTRO EDUCACIONAL SAO FRANCISCO ASSIS
32035217,CENTRO EDUCACIONAL SAO GERALDO
28036174,CENTRO EDUCACIONAL SAO JOAQUIM
42130913,CENTRO EDUCACIONAL SAO JUDAS TADEU
15164543,CENTRO EDUCACIONAL SEMEANDO LTDA
15588297,CENTRO EDUCACIONAL SEMENTE DO SABER
33152209,CENTRO EDUCACIONAL SENADOR CAMARA
23259922,CENTRO EDUCACIONAL SESC LER QUIXERAMOBIM
35419576,CENTRO EDUCACIONAL SESI 433
35480691,CENTRO EDUCACIONAL SESI 438
35480708,CENTRO EDUCACIONAL SESI 439
35005116,CENTRO EDUCACIONAL SESI 440
33195960,CENTRO EDUCACIONAL SILVA SOARES LTDA
13026356,CENTRO EDUCACIONAL SILVIA GUERRA
42142148,CENTRO EDUCACIONAL SINERGIA LTDA- ME - COLEGIO SINERGIA
29569605,CENTRO EDUCACIONAL SISTEMA MASTER
35307555,CENTRO EDUCACIONAL SOLARIS
25104837,CENTRO EDUCACIONAL SONHO DE ELOI CESE
26167204,CENTRO EDUCACIONAL SONHO INFANTIL
33015520,CENTRO EDUCACIONAL SOUZA
33107297,CENTRO EDUCACIONAL SOUZA AMORIM E JARDIM ESCOLA GENTE SABIDA
41358899,CENTRO EDUCACIONAL ST JAMES
33159211,CENTRO EDUCACIONAL SUZANO COSTA
35449436,CENTRO EDUCACIONAL TAQUARITUBA CETA
33188017,CENTRO EDUCACIONAL TELNUZA ALVES GALVAO
42153603,CENTRO EDUCACIONAL TIMBO EIRELI
33034249,CENTRO EDUCACIONAL TIRADENTES
35009648,CENTRO EDUCACIONAL TOTH ME
33111430,CENTRO EDUCACIONAL TRIANGULO
42142539,CENTRO EDUCACIONAL UNIVERSO
33058148,CENTRO EDUCACIONAL VALVERDE - MATRIZ
35004855,CENTRO EDUCACIONAL VIEIRA SANTOS
29480620,CENTRO EDUCACIONAL VILLA LOBOS
29422272,CENTRO EDUCACIONAL VILLA LOBOS
51014459,CENTRO EDUCACIONAL VINICIUS DE MORAES
31317284,CENTRO EDUCACIONAL VISAO
15149005,CENTRO EDUCACIONAL VITORIA
29484561,CENTRO EDUCACIONAL WALLON
29469171,CENTRO EDUCACIONAL WALLON
31357251,CENTRO EDUCATIVO VIDA NOVA LTDA
35367679,CENTRO ENSINO RENASCER
33175713,CENTRO ESCOLA RIACHUELO
29181062,CENTRO ESCOLAR ANAMELIA
52024636,CENTRO ESCOLAR MERITO
31310158,CENTRO ESPACC ESPACO CULTURAL E EDUCACIONAL ED INF ENS FUND E ENS MEDIO
21088217,CENTRO ESTUDANTIL RUI BARBOSA
51051273,CENTRO INTEGRADO DE ENSINO 1 E 2 GRAUS
23040769,CENTRO INTEGRADO DE ENSINO DE PARAIPABA LTDA
33454221,CENTRO INTEGRADO DE ENSINO EDUCARTE
51105802,CENTRO INTEGRADO DE ENSINO MEDIO PROGRESSO LTDA
33166099,CENTRO INTEGRADO EDUCACIONAL E TECNICO CAMPOS
15097250,CENTRO INTEGRADO PRIMEIROS PASSOS
22081321,CENTRO INTEGRADO SENADOR NILO COELHO
35130254,CENTRO INTERESCOLAR OBJETIVO UNIDADE LUIS GOES
35133395,CENTRO INTERESCOLAR OBJETIVO UNIDADE TATUAPE
35104590,CENTRO INTERESCOLAR OBJETIVO UNIDADE TEODORO
13080911,CENTRO METROPOLITANO DE ENSINO LTDA
33055459,CENTRO MODERNO DE ENSINO LTDA
25120298,CENTRO PESSOENSE DE EDUCACAO - COLEGIO MOTIVA
33166838,CENTRO PREPARATORIO MAXIMUS EIRELI
26168243,CENTRO PROFISSIONAL ESPECIAL I
43152341,CENTRO SINODAL DE ENSINO MEDIO DOROTHEA SCHAFKE
43176852,CENTRO TECNOLOGICO UNIVERSIDADE CAXIAS DO SUL - UNIDADE DE ENSINO DE CAXIAS DO SUL
31238180,CEPSMA - COLEGIO E CENTRO DE PESQUISA SOUZA MARTINS
35158525,CERIMAR COLEGIO
29478448,CERM - CENTRO DE ESTUDO RONALDO MENDES
35010226,CERP ENSINO MEDIO LTDA
35173782,CERQUEIRENCE COOPERATIVA EDUCACIONAL
25115006,CERTO-COLEGIO DE ENSINO FENDAMENTAL E MEDIO
35143959,CERTUS COLEGIO
35802220,CERVANTES COLEGIO
35504622,CERVANTES COLEGIO UNIDADE II
33138745,CESB COOPERATIVA DE ENSINO SAO BENTO LTDA
13029860,CESF - CENTRO EDUCACIONAL SAO FRANCISCO
31281298,CESP COLEGIO DE ESTUDOS SUPLETIVOS
41078640,CESTI CEI EF M
17051371,CET-SESI CENTRO DE ENS TRAB-SERV SOCIAL DA IND
35159612,CETA CENTRO EDUCACIONAL DE TAQUARITUBA
35136463,CETEC COLEGIO
35185061,CETES CENTRO EDUCACIONAL TECNICO SUZANENSE
35152493,CETP CENTRO EDUCACIONAL DE TUPI PAULISTA
35161913,CETS COLEGIO
22310762,CEV COLEGIO
22129529,CEV COLEGIO UNIDADE JOCKEY
22143459,CEV- COLEGIO UNIDADE 04
43221009,CFCR AMA COLEGIO FRANCISCANO CRISTO REI
26180200,CFI-COLEGIO DE FORMACAO INTEGRAL
35153564,CHACARA A PIMENTINHA E COLEGIO MEIRELLES LEME EIFM
35116282,CHAFIK SAAB COLEGIO
35138009,CHALUPE COLEGIO
33185999,CHF - CENTRO EDUCACIONAL E CULTURAL HENRIQUES FERNANDES
23246880,CHRISTUS COLEGIO PRE UNIVERSITARIO
41375793,CIANORTE CTRO EDUC INF ENS FUND ENS MEDIO
41397029,CIDADAO DO AMANHA CEI EF M
35141297,CIDADE CANCAO COLEGIO
35132780,CIDADE DE ARACATUBA COLEGIO
35155664,CIDADE DE ATIBAIA COLEGIO
35125222,CIDADE DE BRAGANCA PTA COLEGIO
35154842,CIDADE DE FERNANDOPOLIS COLEGIO
35150630,CIDADE DE IGUAPE COLEGIO
35143352,CIDADE DE ITU COLEGIO
35116798,CIDADE DE ITUPEVA COLEGIO
35113724,CIDADE DE PIRACICABA COLEGIO
35130643,CIDADE DE SALTO COLEGIO
35126615,CIDADE JARDIM CUMBICA COLEGIO
35500033,CIDADE RIO PRETO COLEGIO
35808167,CIE CENTRO INTEGRADO DE EDUCACAO COLEGIO MULTIPLO
25071009,CIE CENTRO INTERATIVO DE ENSINO LTDA
41156200,CIEBJA UNINTER - EF M P
29427690,CIEC - CENTRO INTEGRADO DE ENSINO CONTINUADO
23076046,CIENTISTA COLEGIO
26088800,CIRANDA DE LETRAS CENTRO EDUCACIONAL
35440656,CLARASSOTI COLEGIO
23246960,CLB-COLEGIO LINDEZIR BATISTA
35121447,CLEMENTE PAVAN COLEGIO
35108873,CLOVIS BEVILACQUA DR COLEGIO
23135891,CLOVIS BEVILAQUA COLEGIO
52105903,CNM - COLEGIO NOVO MILENIO
27053008,CNSA KIDS
41163605,CNV CHOPINZINHO C EI EF M
35130916,COB DIADEMA SERVICOS LTDA
42153824,COC BALNEARIO CAMBORIU COLEGIO CARVALHO
35006001,COC BARRA FUNDA
35802347,COC BATATAIS
42160642,COC BLUMENAU
33101876,COC BY PEARSON - ILHA DO GOVERNADOR - UNIDADE GALEAO
35301224,COC CARDIOFISICO
42113083,COC COLEGIO OSVALDO CARVALHO EIRELI EPP
35416757,COC LEME COLEGIO
16011759,COC MACAPA NORTE
35567632,COC RIBEIRAO PRETO REDE UNICA DE EDUCACAO UNIDADE 02
41151780,COC SEMEADOR C - EM
35122038,COC SISTEMA DE EDUCACAO
35144071,COC UNIVERSITARIO DE SANTOS COLEGIO
35007828,COC VILA YARA UNIDADE II
35124060,COEDUCAR INSTITUTO DE EDUCACAO
28017757,COESI COLEGIO DE ORIENTACAO E ESTUDOS INTEGRADOS E ESCOLINHA DO RE MI EIRELI - EPP
35004215,COESO EDUC
22133046,COESP COOPERATIVA EDUC E SOCIAL DE PEDRO II
25098896,COFRAG - COLEGIO DR FRANCISCO AGUIAR
35441612,COGNOS COLEGIO
33067694,COL 1º DE MAIO
53001907,COL ADVENTISTA DA ASA SUL
53006585,COL ADVENTISTA DE PLANALTINA
31321770,COL AMERICA DO NORTE
28017773,COL AMERICANO BATISTA
33075930,COL AMERICO DE OLIVEIRA
33063311,COL ANDREWS
33084165,COL APOLLO 12 FILIAL
53005945,COL APROVACAO GENIO
21228671,COL ARARIENSE
31276260,COL ARCADE DE IBIA
31180211,COL ATENAS
33088985,COL AUXILIADORA
33115460,COL BAHIENSE - CAMPO GRANDE
33077029,COL BAHIENSE LTDA
33109923,COL BAHIENSE LTDA
33111901,COL BAHIENSE VAZ LOBO
33067716,COL BARAO DE LUCENA
53032012,COL BARAO DO RIO BRANCO
21197913,COL BATISTA CHAPADINHENSE
53001281,COL BATISTA DE BRASILIA
33090700,COL BATISTA DO LARANJAL
21106061,COL BATISTA ELEUTERIO ROCHA
21249881,COL BATISTA PASTOR GENESIO GUIMARAES LIMA
33066540,COL BATISTA SHEPARD
31200212,COL BERLAAR NOSSA SENHORA DO PATROCINIO
53015878,COL BIANGULO
53018214,COL BIANGULO IV
53020081,COL BIANGULO IX
53019490,COL BIANGULO VII
33048398,COL CARLOS GOMES
31369977,COL CHROMOS BARREIRO
31223123,COL CHROMOS BETIM
31373990,COL CHROMOS BURITIS
31363294,COL CHROMOS CENTRO
31357120,COL CHROMOS ELDORADO
31216003,COL CHROMOS LAGOA SANTA
31290157,COL CHROMOS PAMPULHA
31257397,COL CHROMOS SERRANO
31246468,COL CHROMOS VENDA NOVA
31325163,COL CIDADE DE MANHUACU
31305847,COL CIDADE DE MURIAE
31321079,COL CIDADE DE PATOS DE MINAS DE ENSINO FUNDAMENTAL E MEDIO
53012941,COL CIMAN
53082001,COL COC BRAZLANDIA DF
53009428,COL COC LAGO NORTE
53019334,COL COC TAGUATINGA
33034303,COL COMERCIAL CANDIDO MENDES
31310735,COL CONEXAO
31005371,COL COTEMIG BARROCA
31210048,COL COTEMIG FLORESTA
33021678,COL D PEDRO I
26020890,COL DE APLICACAO DA FAC FORM PROFESSORES
33040117,COL DE APLICACAO DA UCP
33031363,COL DE APLICACAO DE RESENDE
33082014,COL DE APLICACAO EMMANUEL LEONTISINIS
33062633,COL DE SAO BENTO
31294900,COL DEL REY
53018320,COL DIGITAL
53014847,COL DO SOL
31166090,COL DOM BOSCO
33031371,COL DOM BOSCO
53002652,COL DOM CESAR
33066574,COL DOS SANTOS ANJOS
33020183,COL DR PAULO CEZAR QUEIROZ FARIA
53013921,COL DROMOS
31340030,COL E CURSO MAXIMUS
31260631,COL EDNA RORIZ
15131092,COL EDUC CHRISTO REI
53014170,COL EDUCANDARIO DE MARIA
31193071,COL EGIO JOHN WESLEY
53018770,COL ELITE CEILANDIA
53009916,COL ELITE GAMA
53008502,COL ELITE JK GUARA
31320218,COL EQUIPE DE TOCANTINS
53013182,COL ESPLANADA
33018839,COL EUCLIDES DA CUNHA
33125023,COL EVANG ALMEIDA BARROS
31314854,COL EXCELENCIA
21199221,COL EXITUS
33101663,COL FLAMA ANEXO II
53019733,COL FLEMING
31123501,COL FONSECA RODRIGUES
33063419,COL FRANCO BRASILEIRO
53015134,COL FUTURO EDUCACAO
53012860,COL GALOIS
31329762,COL GENOMA
31332721,COL GILDO VILELLA CANCELLA UNIDII
33116512,COL GUNNAR VINGREN EIRELI
33084254,COL HALLEY
33071632,COL HELIO ALONSO
33068895,COL HERMANN
33152322,COL ICARO LTDA
53019253,COL IDEAL AGUAS CLARAS - UNIDADE VII
53019296,COL IDEAL UNIDADE ASA NORTE
53019628,COL IDEAL UNIDADE ASA SUL
53018273,COL IDEAL UNIDADE JARDIM BOTANICO
33071659,COL IMACULADO CORACAO DE MARIA
31260908,COL IMPULSO
33057818,COL ITAPUCA - REGIAO OCEANICA
33090734,COL JEAN PIAGET
31127965,COL JESUS MARIA JOSE
43173330,COL JOAO PAULO I - UNIDADE SUL
53007190,COL LA SALLE
53001060,COL LA SALLE BRASILIA
43105084,COL LA SALLE SANTO ANTONIO
43105106,COL LA SALLE SAO JOAO
21057389,COL LEONEL AMORIM
53015894,COL LICEU
31310956,COL LOSANGO DE PIUMHI
33032858,COL MACEDO SOARES
43104991,COL MARIA IMACULADA
31170402,COL MARISTA CHAMPAGNAT
31003875,COL MAXIMUS STA INES
31258644,COL MAXIMUS UNID PALMARES
21259330,COL METROPOLITANO ALIANCA
33055874,COL MONSENHOR RAEDER
43109330,COL MONTEIRO LOBATO - ESC EDUC BASICA
21162719,COL MULTIPLO
43204201,COL MUTIRAO MASTER
33067856,COL MV1 ANDERSON
31166375,COL N SRA DAS GRACAS
31220094,COL NACIONAL
43105017,COL NOSSA SENHORA DO BOM CONSELHO
53009592,COL NOSSA SENHORA DO PERPETUO SOCORRO
33065314,COL NOTRE DAME - IPANEMA
33068534,COL NS DE LOURDES
33042560,COL NS DO CARMO
53017897,COL OBJETIVO ASA NORTE
31230669,COL OBJETIVO DE S S PARAISO NHN
53017749,COL OBJETIVO DF - UNIDADE II
53017900,COL OBJETIVO DF - UNIDADE III
53017870,COL OBJETIVO DF - UNIDADE V
53017862,COL OBJETIVO DF - UNIDADE VI
53016599,COL OBJETIVO DF - UNIDADE VII
53018796,COL OBJETIVO DF - UNIDADE VIII
33089191,COL ODETE SAO PAIO
53056000,COL OLIMPO
53015789,COL OLIMPO AGUAS CLARAS
41371755,COL OPET CENTRO CIVICO ED INF ENS FUND MEDIO
53011805,COL PALOMA
33075425,COL PENTAGONO
33064717,COL PINHEIRO GUIMARAES
33063575,COL PINHEIRO GUIMARAES
31074292,COL PIO XII
31321966,COL PIRAMIDE
41063309,COL PONTAGROSSENSE-EDUC INF ENS FUND ENS MED
31305235,COL POTENCIA
21154619,COL PRES KENNEDY
33077274,COL PRIMUS
33026459,COL PROF FERNANDO MOREIRA CALDAS
31096181,COL PROF SERVELINO RIBEIRO
53017439,COL PROMOVE DE BRASILIA
31210595,COL QUELUZ DE MINAS
53014464,COL REACAO II
31166456,COL RUBEM ALVES
33018375,COL RUY BARBOSA
53012950,COL SABER
28024443,COL SAGRADO CORACAO DE JESUS
33100713,COL SAINT JOHN
53001400,COL SANTA DOROTEIA
53026004,COL SANTA MARIA
41035143,COL SAO DOMINGOS - EDUC INF ENS FUND MD
29304385,COL SAO JOSE DA ACAO FRATERNAL
24061506,COL SAO JOSE ED INFANTIL ENS FUND E MEDIO
31180483,COL SAO MIGUEL
31256501,COL SEI
53013875,COL SERIOS
53013654,COL SOMA
33101043,COL SOUZA DUARTE
33031410,COL STA ANGELA
31279081,COL STA LUZIA
31198846,COL STA TERESA
33089248,COL STA TEREZINHA
31118346,COL STATUS
31343790,COL TEIXEIRA NETO
33065411,COL TERESIANO
53007611,COL TIRADENTES
21195516,COL VINICIUS DE MORAES E JI BALAO MAGICO
53017102,COL VISAO
33055980,COL VITAL BRASIL
31061999,COL XIX DE MARCO
31279064,COLEGIO 1º DE JUNHO
26121379,COLEGIO 2001
26205602,COLEGIO 2001
26135811,COLEGIO 2001 ANEXO I
52094367,COLEGIO 2006 LTDA
27223213,COLEGIO 29 DE JULHO
26156407,COLEGIO 3º MILENIO
29806623,COLEGIO 3º MILENIO
23282002,COLEGIO 7 DE SETEMBRO - SEDE EUSEBIO
35008207,COLEGIO ABACO UNIDADE SUMARE
31253995,COLEGIO ABGAR RENAULT - UNIDADE GLORIA
31354163,COLEGIO ABNARA DE ENSINO FUNDAMENTAL E ENSINO MEDIO
52288358,COLEGIO ABSOLUTO
35192399,COLEGIO ACADEMIA
29343410,COLEGIO ACADEMICO III
29460441,COLEGIO ACADEMICO LTDA
29426146,COLEGIO ACAO
33149437,COLEGIO ACAO 1
24059692,COLEGIO ACAO LTDA
29437261,COLEGIO ACESSO
41157990,COLEGIO ACESSO PINHAIS EM
43108130,COLEGIO ACM CENTRO
35009768,COLEGIO ADELIA CAMARGO CORREIA UNIDADE II
31344869,COLEGIO ADICAO
23064722,COLEGIO ADM
50005626,COLEGIO ADVENTISTA CAMPO-GRANDENSE
51103001,COLEGIO ADVENTISTA CPA II
15152219,COLEGIO ADVENTISTA DA CIDADE NOVA
29393140,COLEGIO ADVENTISTA DA LIBERDADE
33008612,COLEGIO ADVENTISTA DE CAMPOS
26053993,COLEGIO ADVENTISTA DE CARUARU
29427347,COLEGIO ADVENTISTA DE CASTELO BRANCO
17039371,COLEGIO ADVENTISTA DE GURUPI
31261564,COLEGIO ADVENTISTA DE IPATINGA
29179530,COLEGIO ADVENTISTA DE ITAPAGIPE
29468329,COLEGIO ADVENTISTA DE LAURO DE FREITAS
33183228,COLEGIO ADVENTISTA DE MACAE
15097811,COLEGIO ADVENTISTA DE MARABA
43092500,COLEGIO ADVENTISTA DE NOVO HAMBURGO
35107612,COLEGIO ADVENTISTA DE PEDREIRA
43105408,COLEGIO ADVENTISTA DE PORTO ALEGRE
51052326,COLEGIO ADVENTISTA DE RONDONOPOLIS
29181755,COLEGIO ADVENTISTA DE SALVADOR
21010200,COLEGIO ADVENTISTA DE SAO LUIS
27213587,COLEGIO ADVENTISTA DE UNIAO DOS PALMARES
26128853,COLEGIO ADVENTISTA DO ARRUDA
31377503,COLEGIO ADVENTISTA DO BURITIS
43107800,COLEGIO ADVENTISTA DO PARTENON
26121328,COLEGIO ADVENTISTA DO RECIFE
50005618,COLEGIO ADVENTISTA JARDIM DOS ESTADOS
43105637,COLEGIO ADVENTISTA MARECHAL RONDON
41133005,COLEGIO ADVENTISTA PORTAO - EIEFM
41055985,COLEGIO ADVENTISTA TELEMACO BORBA-EIEFM
51059282,COLEGIO ADVENTISTA VARZEA GRANDE
35005953,COLEGIO AEON EDUCACIONAL
35583303,COLEGIO AEON LITORAL
23235497,COLEGIO AFONSO ANDRADE
52075885,COLEGIO AGAPE
31366269,COLEGIO AGAPE DOM
41125657,COLEGIO AGAPE EDUCACAO INFANTIL ENSINO FUNDAMENTAL E MEDIO
43006850,COLEGIO AGIR
31242233,COLEGIO AGORA
52104176,COLEGIO AGORA
26050242,COLEGIO AGUIA
31355640,COLEGIO AGUIA DE EDUCACAO INFANTIL E ENSINO FUNDAMENTAL E ENSINO MEDIO
31222232,COLEGIO AGUIA DE PRATA
41385845,COLEGIO AGUIA MASTER
17007470,COLEGIO ALBERT EINSTEIN
16011023,COLEGIO ALBERT EINSTEIN LTDA-EPP
35010219,COLEGIO ALBERT SABIN
31298905,COLEGIO ALBERTINO GONCALVES DOS REIS
35100900,COLEGIO ALBUQUERQUE
31380342,COLEGIO ALCEU COTTA - UNIDADE JARDIM ATLANTICO
35007952,COLEGIO ALETHUS
15037614,COLEGIO ALFA
31340367,COLEGIO ALFA
33184739,COLEGIO ALFA CEM BILINGUE
33178879,COLEGIO ALFA CEM BILINGUE
33184720,COLEGIO ALFA CEM BILINGUE
33188092,COLEGIO ALFA CEM BILINGUE
41033515,COLEGIO ALFA ENSINO FUNDAMENTAL E MEDIO
23182016,COLEGIO ALFA MASTER
22032762,COLEGIO ALFABETOC
33152098,COLEGIO ALFREDO BACKER
31369381,COLEGIO ALIANCA
25125672,COLEGIO ALICE COUTINHO LTDA
15173135,COLEGIO ALICERCE
35338345,COLEGIO ALMEIDA GARRETT
50007718,COLEGIO ALMIRANTE TAMANDARE
31357154,COLEGIO ALPHA
26190265,COLEGIO ALPHA
31180599,COLEGIO ALPHA
35805385,COLEGIO ALPHA - ESCOLA DE ENSINO INFANTIL FUNDAMENTAL E MEDIO ALPHA DO FUTURO
35165542,COLEGIO ALPHA DE QUATA
42119529,COLEGIO ALPHA OBJETIVO
22136398,COLEGIO ALSISTE
51003082,COLEGIO ALTA FLORESTA ED INFANTIL EF E EM
28021061,COLEGIO ALTERNATIVO
51089491,COLEGIO ALTERNATIVO - SOCIEDADE EDUCACIONAL MARINGA LTDA
26055686,COLEGIO ALTERNATIVO DE CARUARU
12026409,COLEGIO ALTERNATIVO DO ACRE
31314749,COLEGIO ALUMNUS
33178992,COLEGIO ALVES CORREA LTDA
52106756,COLEGIO ALVES FARIA
31340405,COLEGIO AMA
23100176,COLEGIO AMADEU CLAUDIO DAMASCENO - CACD
28017943,COLEGIO AMADEUS LTDA
32065248,COLEGIO AMERICANO BATISTA DE LARANJEIRAS - INSTITUTO ENSINAR BRASIL
41152425,COLEGIO AMPLACAO ED INFANTIL ENSINO FUNDAMENTAL E MEDIO LTDA
29483999,COLEGIO ANA TEREZA
27035018,COLEGIO ANCHIETA
29486963,COLEGIO ANCHIETA PITUBA
35006583,COLEGIO ANDALU
33172285,COLEGIO ANDRADE DE FIGUEIREDO
35107475,COLEGIO ANGLO ALANTE CHACARA SANTO ANTONIO
35137170,COLEGIO ANGLO ALANTE SAO JOSE DOS CAMPOS
33147450,COLEGIO ANGLO AMERICANO
41075927,COLEGIO ANGLO AMERICANO
42162890,COLEGIO ANGLO BALNEARIO CAMBORIU
29422248,COLEGIO ANGLO BRASILEIRO
42155649,COLEGIO ANGLO CAMBORIU
35583674,COLEGIO ANGLO CIDADE DE SALTO
35126196,COLEGIO ANGLO JACAREI ENSINO MEDIO E PRE VESTIBULAR
35007243,COLEGIO ANGLO JAGUARIUNA
35287600,COLEGIO ANGLO LEONARDO DA VINCI
35132559,COLEGIO ANGLO LEONARDO DA VINCI
35195005,COLEGIO ANGLO LEONARDO DA VINCI
35301279,COLEGIO ANGLO LEONARDO DA VINCI
35135288,COLEGIO ANGLO LEONARDO DA VINCI
26180863,COLEGIO ANGLO LIDER
43219535,COLEGIO ANGLO PORTO ALEGRE
35450388,COLEGIO ANGLO UBATUBA
35585488,COLEGIO ANGLO UNIDADE HORTOLANDIA
31325848,COLEGIO ANGULO
31278033,COLEGIO ANGULO DE SETE LAGOAS
31242241,COLEGIO ANGULO DE VICOSA
52033228,COLEGIO ANHANGUERA
29318335,COLEGIO ANISIO TEIXEIRA
29093490,COLEGIO ANISIO TEIXEIRA
31375071,COLEGIO ANN MACKENZIE
31380210,COLEGIO ANN MACKENZIE UNIDADE GAVEA - KARAIBA
23245980,COLEGIO ANTARES ATS
29485827,COLEGIO ANTONI GAUDI
43123651,COLEGIO ANTONIO ALVES RAMOS
33058504,COLEGIO ANTONIO HUBACK
42002087,COLEGIO ANTONIO PEIXOTO
29408156,COLEGIO ANTONIO PINHEIRO
52039722,COLEGIO APHONSIANO
52078485,COLEGIO APICE
32065310,COLEGIO APICE
35150435,COLEGIO APICE
35583625,COLEGIO APICE AMPARO
31371769,COLEGIO APLICACAO
29445442,COLEGIO APLICACAO
31356816,COLEGIO APOGEU - UNIDADE II DE ENSINO FUNDAMENTAL ANOS FINAIS E ENSINO MEDIO
31317101,COLEGIO APOGEU DE ENSINO FUNDAMENTAL E ENSINO MEDIO
31368385,COLEGIO APOGEU UNIDADE V
31256285,COLEGIO APOGEU-UNIDADE III DE ENSINO FUNDAMENTAL E ENSINO MEDIO
26117584,COLEGIO APOIO
29178223,COLEGIO APOIO
52098362,COLEGIO APOIO
33175659,COLEGIO APOLLO 12
21199053,COLEGIO APRENDER COHATRAC CAC
28035135,COLEGIO APRENDIZ
52091562,COLEGIO APROV
22145443,COLEGIO APROVACAO
33098867,COLEGIO APROVACAO LTDA
29467659,COLEGIO APROVADO
33166927,COLEGIO APROVADO
33195552,COLEGIO APROVADO RIO DAS OSTRAS
15168581,COLEGIO APROVADOS
29071224,COLEGIO AQUARELA
35160600,COLEGIO ARACA
52031497,COLEGIO ARAGUAIA
33026424,COLEGIO ARARUAMA
33174970,COLEGIO ARAUJO ROCHA LTDA EPP
35139178,COLEGIO ARBOS
35802578,COLEGIO ARBOS - UNIDADE SAO BERNARDO DO CAMPO
52079520,COLEGIO ARCO IRIS
33035482,COLEGIO ARCOVERDE
33200564,COLEGIO ARCOVERDE UNIDADE BARRA DO PIRAI
52103137,COLEGIO ARENA
23071036,COLEGIO ARI DE SA CAVALCANTE WASHINGTON SOARES
35579890,COLEGIO ARKADIA
29070368,COLEGIO ARMANDO XAVIER DE OLIVEIRA
31004138,COLEGIO ARNALDO - UNIDADE ANCHIETA
31230871,COLEGIO ARQUIDIOCESANO DE OURO BRANCO
31108103,COLEGIO ARQUIDIOCESANO DE OURO PRETO
28017781,COLEGIO ARQUIDIOCESANO S CORACAO DE JESUS
33071403,COLEGIO ARY QUINTELLA LTDA
33195579,COLEGIO ASA
26110504,COLEGIO ASCENSO FERREIRA
15172147,COLEGIO ASLAN
15549704,COLEGIO ASPECTO EIRELI
31218553,COLEGIO ATENA
52102548,COLEGIO ATENA
35150514,COLEGIO ATENAS
31200247,COLEGIO ATENAS
50024302,COLEGIO ATENAS
31357138,COLEGIO ATENAS - UNIDADE II
31223883,COLEGIO ATENAS PASSOS
23271469,COLEGIO ATENEU
25125605,COLEGIO ATENEU
23081457,COLEGIO ATENEU INDUSTRIAL
31231088,COLEGIO ATHENAS EQUIPE DE PONTE NOVA
27034780,COLEGIO ATHENEU
31380229,COLEGIO ATHOS - UNIDADE II
15096831,COLEGIO ATITUDE
26182157,COLEGIO ATITUDE NUCLEO EDUCACIONAL EIRELI
52211371,COLEGIO ATLANTA LTDA
42105447,COLEGIO ATLANTICO
33139881,COLEGIO ATLANTICO MACAE
52097587,COLEGIO ATRIO
21206694,COLEGIO ATUACAO
33140502,COLEGIO ATUACAO BILINGUE
52081095,COLEGIO ATUAL 2000 LTDA
31361496,COLEGIO AUGE
21267073,COLEGIO AUGUSTO BATISTA
29441676,COLEGIO AUGUSTO COMTE
31014494,COLEGIO AUGUSTUS
15096734,COLEGIO AUTENTICO
27047270,COLEGIO AUTENTICO
51016443,COLEGIO AVANCADO DE DESENVOLVIMENTO EDUCACIONAL
26139146,COLEGIO AVANCAR
31342505,COLEGIO AVANCE
26125404,COLEGIO AVANCE
42155541,COLEGIO AVANTIS
31382507,COLEGIO AVENIDA FINOTTI
35005967,COLEGIO AVICENNA
42160383,COLEGIO AZ FLORIPA
35197440,COLEGIO AZ INTERNACIONAL
25097326,COLEGIO AZ JOAO PESSOA
31180475,COLEGIO BALBINA RIBEIRO SOARES
35142827,COLEGIO BARRETOS
31280135,COLEGIO BARROS OLIVEIRA
26172232,COLEGIO BATISTA BETANIA DE GRAVATA
25132598,COLEGIO BATISTA BRASIL - PRAIA - JOAO PESSOA
13031791,COLEGIO BATISTA BRASIL IDA NELSON
29181895,COLEGIO BATISTA BRASILEIRO
21010250,COLEGIO BATISTA DANIEL DE LA TOUCHE
35188840,COLEGIO BATISTA DE GUARULHOS
35158598,COLEGIO BATISTA DE IBITINGA
31251763,COLEGIO BATISTA DE IPATINGA
31350567,COLEGIO BATISTA DE MANTENA
15560759,COLEGIO BATISTA DE SANTAREM
31180602,COLEGIO BATISTA DE VARGINHA
33093008,COLEGIO BATISTA DO VILAR
26179890,COLEGIO BATISTA EM CARUARU
33008310,COLEGIO BATISTA FLUMINENSE
31384275,COLEGIO BATISTA GETSEMANI - UNIDADE 2
41128648,COLEGIO BATISTA MARANATA
21286175,COLEGIO BATISTA MARANHENSE
27046443,COLEGIO BATISTA MORIAH NOVO LTDA
31096326,COLEGIO BATISTA NORTE MINEIRO
31385069,COLEGIO BATISTA NORTE MINEIRO - UNIDADE MELO
31281808,COLEGIO BATISTA REOBOTE
24086770,COLEGIO BATISTA VIDA NOVA
31041441,COLEGIO BERLAAR SAGRADO CORACAO DE MARIA
31170216,COLEGIO BERLAAR SAGRADO CORACAO JESUS
17021545,COLEGIO BERNARDO SAYAO DE GURUPI
31350664,COLEGIO BERNOULLI
29485541,COLEGIO BERNOULLI
41407423,COLEGIO BERTONI - ENSINO FUNDAMENTAL E MEDIO
43215050,COLEGIO BERTONI MED
15223027,COLEGIO BETHEL 1
35104334,COLEGIO BILINGUE MATER DEI UNIDADE JARDIM PAULISTA
31365920,COLEGIO BIOMAXIMO - UNIDADE II
50030582,COLEGIO BIONATUS
50032100,COLEGIO BIONATUS II
33008337,COLEGIO BITTENCOURT
42163960,COLEGIO BLISS
26117991,COLEGIO BOA VIAGEM LTDA
31377040,COLEGIO BOM COMECO E LEME
42154529,COLEGIO BOM JESUS
42144965,COLEGIO BOM JESUS AURORA
33041105,COLEGIO BOM JESUS CANARINHOS
42000238,COLEGIO BOM JESUS CORACAO DE JESUS
42028990,COLEGIO BOM JESUS DIOCESANO
42091403,COLEGIO BOM JESUS DIVINA PROVIDENCIA
41127722,COLEGIO BOM JESUS ED INFANTIL ENSINO FUNDAMENTAL E MEDIO SEDE
35110826,COLEGIO BOM JESUS EXTERNATO EDUCACAO INFANTIL ENSINO FUNDAMENTAL E MEDIO
35071092,COLEGIO BOM JESUS ITATIBA
43112790,COLEGIO BOM JESUS JOANA D ARC
41026810,COLEGIO BOM JESUS MAE DO DIVINO AMOR
41377370,COLEGIO BOM JESUS MARINGA - EDUCACAO INFANTIL ENSINO FUNDAMENTAL E MEDIO
43164447,COLEGIO BOM JESUS NOSSA SENHORA APARECIDA
41131673,COLEGIO BOM JESUS NOSSA SENHORA DE LOURDES ED INF ENS FUND E MEDIO
41141008,COLEGIO BOM JESUS NOSSA SENHORA DO ROSARIO ED INF ENS FUND E MEDIO
43081860,COLEGIO BOM JESUS RAINHA DA PAZ
42016142,COLEGIO BOM JESUS SANTO ANTONIO
41033787,COLEGIO BOM JESUS SANTO ANTONIO
35109010,COLEGIO BOM JESUS SAO JOSE
42098289,COLEGIO BOM JESUS SAO JOSE
33041130,COLEGIO BOM JESUS SAO JOSE
43163017,COLEGIO BOM JESUS SAO JOSE
41142918,COLEGIO BOM JESUS SAO JOSE EDUCACAO INFANTIL ENSINO FUNDAMENTAL E MEDIO
43016243,COLEGIO BOM JESUS SAO MIGUEL
41123832,COLEGIO BOM JESUS SAO VICENTE
43105149,COLEGIO BOM JESUS SEVIGNE
28106407,COLEGIO BOM PASTOR
33052484,COLEGIO BONFIM
35188864,COLEGIO BONVENUTO
31385379,COLEGIO BORA PASSAR
31376078,COLEGIO BORA PASSAR
33065993,COLEGIO BRASILEIRO SAO CHRISTOVAO
31351393,COLEGIO BRILHO DO SABER
33169365,COLEGIO BRUNO OSTMANN
31294110,COLEGIO BURITIS AGOSTINIANO
25134426,COLEGIO CACILDIVA
31334049,COLEGIO CAETANO
33163006,COLEGIO CAMILLA MARQUES LTDA
24035467,COLEGIO CAMILO TOSCANO
42195608,COLEGIO CAMINHO DO SABER
52095550,COLEGIO CAMPOS DO SABER
41025466,COLEGIO CANADA DE APUCARANA - COLEGIO EI-EF-EM
28027337,COLEGIO CANTINHO DA SABEDORIA
26024691,COLEGIO CARDEAL ARCOVERDE
29343747,COLEGIO CARIZA
42118239,COLEGIO CARLOS DRUMMOND DE ANDRADE
33154007,COLEGIO CAROLINNA RUSSO LTDA
29485274,COLEGIO CARPE DIEM
27347010,COLEGIO CARVALHO LTDA - ME
27050289,COLEGIO CARVALHO LTDA-ME II
23059753,COLEGIO CASCAVELENSE
29441064,COLEGIO CASTRO ALVES
32034377,COLEGIO CASTRO ALVES
15167461,COLEGIO CASTRO ALVES
22124888,COLEGIO CASTRO ALVES
29483964,COLEGIO CAT CONECT
50029266,COLEGIO CBA ABC
26187604,COLEGIO CBV JAQUEIRA
33126674,COLEGIO CCM
28067401,COLEGIO CEA LTDA
31357030,COLEGIO CECILIA MEIRELES
15567672,COLEGIO CEI
51061180,COLEGIO CEI - CENTRO EDUCACIONAL INTEGRADO DE MATUPA
33068925,COLEGIO CELC
29189993,COLEGIO CELESTIN FREINET
28076400,COLEGIO CEME
33085455,COLEGIO CENECISTA CAPITAO LEMOS CUNHA
43068677,COLEGIO CENECISTA NOSSA SENHORA DOS ANJOS
33146675,COLEGIO CENTRAL
25163809,COLEGIO CENTRAL DE ENSINO
33199558,COLEGIO CENTRO DE ESTUDOS BRITTO E VITOI LTDA
35150459,COLEGIO CEO
28042204,COLEGIO CEPI EXPANSAO
35119039,COLEGIO CERMAC
35004916,COLEGIO CESARIO LANGE
31377767,COLEGIO CESE - UNIDADE II
25124250,COLEGIO CHAPEUZINHO VERMELHO
29181925,COLEGIO CHRISTUS
23067071,COLEGIO CHRISTUS BARAO DE STUDART
23491035,COLEGIO CHRISTUS DIONISIO TORRES
23498994,COLEGIO CHRISTUS UNIDADE PARQUELANDIA
23462442,COLEGIO CHRISTUS UNIDADE SUL
43035736,COLEGIO CIDADE DAS HORTENSIAS
31326143,COLEGIO CIDADE DE CARANGOLA
31240761,COLEGIO CIDADE DE CATAGUASES
31312177,COLEGIO CIDADE DE ITAUNA
31250449,COLEGIO CIDADE DE LEOPOLDINA
31380202,COLEGIO CIDADE DE VICOSA
31342327,COLEGIO CIDADE PARA DE MINAS
15158969,COLEGIO CIEC
24097004,COLEGIO CIENCIAS APLICADAS
43175406,COLEGIO CIENTIFICO PORTO SEGURO
35160489,COLEGIO CIM
26151677,COLEGIO CINDER
35008681,COLEGIO CIVICO MILITAR
22144811,COLEGIO CIVICO MILITAR BATALHA DO RIACHUELO
23274719,COLEGIO CIVICO MILITAR BATALHA DO RIACHUELO
23275987,COLEGIO CIVICO MILITAR DO RIACHUEL0 - PARQUE DO COCO
11045639,COLEGIO CLARICE LISPECTOR LTDA
11043857,COLEGIO CLASSE A
50031163,COLEGIO CLASSE A
50033239,COLEGIO CLASSE A UNIDADE II
31211974,COLEGIO CLITA BATISTA
35007664,COLEGIO CML
35583224,COLEGIO COC
42140668,COLEGIO COC - RIO DO SUL
41158253,COLEGIO COC BILINGUE
35158513,COLEGIO COC ITAPIRA
42143390,COLEGIO COC LAGES
17044200,COLEGIO COC PALMAS
53018532,COLEGIO COC SUDOESTE
21284300,COLEGIO COEDUCAR
33187100,COLEGIO COGITARE
26183366,COLEGIO COGNICAO
26189569,COLEGIO COGNITIVO
26534711,COLEGIO COGNITIVO
31247189,COLEGIO COLIBRI
29145511,COLEGIO COMERCIAL
17013356,COLEGIO COMERCIAL IMPACTO
31105899,COLEGIO COMERCIAL ITABIRANO
29428408,COLEGIO COMETA
33179344,COLEGIO CONCEITO
16012100,COLEGIO CONCEITO LTDA
31376655,COLEGIO CONCLUSAO
43125883,COLEGIO CONCORDIA
43104967,COLEGIO CONCORDIA - PORTO ALEGRE
15586758,COLEGIO CONEXAO
35009516,COLEGIO CONEXAO
41159977,COLEGIO CONEXAO COC EI F M
33194033,COLEGIO CONEXAO DE RIO DAS OSTRAS
31306266,COLEGIO CONEXAO KIDS DE ENSINO FUNDAMENTAL E ENSINO MEDIO
32064101,COLEGIO CONHECER
26127580,COLEGIO CONHECER
41146697,COLEGIO CONSTRUINDO O SABER ED INFANTIL ENSINO FUNDAMENTAL E MEDIO
27220885,COLEGIO CONTATO MACEIO
43032400,COLEGIO CONTEMPORANEO
26187337,COLEGIO CONVERGENTE
26187981,COLEGIO CONVERGENTE
52054241,COLEGIO COOPEN
33159750,COLEGIO COPACABANA
31362417,COLEGIO COPBH - UNIDADE II
52109585,COLEGIO COPE NEXUS FILIAL
23024690,COLEGIO CORACAO DE JESUS
33130981,COLEGIO CORACAO DE JESUS
52101541,COLEGIO CORTEX
52020320,COLEGIO COUTO MAGALHAES
52098834,COLEGIO COUTO MAGALHAES GOIANESIA
22138560,COLEGIO CPI
35006799,COLEGIO CPM
35119374,COLEGIO CPV
31346799,COLEGIO CRA
31378984,COLEGIO CRESCER
35006958,COLEGIO CRIARTE UNIDADE III
35581823,COLEGIO CRIATIVO
11048557,COLEGIO CRISTAO
33140227,COLEGIO CRISTAO AGGREGARE LTDA
11050950,COLEGIO CRISTAO DE ARIQUEMES
35586663,COLEGIO CRISTAO KAIROS
27215180,COLEGIO CRISTO REDENTOR
32021828,COLEGIO CRISTO REI
27215512,COLEGIO CRISTO REI
25020684,COLEGIO CRISTO REI
41072189,COLEGIO CRISTO REI - ED INFANTIL E ENSINO FUND E MEDIO
21274819,COLEGIO CRISTO REI LTDA ME
33135371,COLEGIO CRUZEIRO - JACAREPAGUA
33062609,COLEGIO CRUZEIRO-CENTRO
33548242,COLEGIO CURSO AGUIA DO XV LTDA
33153477,COLEGIO CURSO DALTRO NETTO
33191816,COLEGIO CURSO FALCON
33163120,COLEGIO CURSO INTELECTO
33444293,COLEGIO CURSO INTELLECTUS - UNIDADE BOTAFOGO
33442304,COLEGIO CURSO INTELLECTUS - UNIDADE OCEANICA
33138290,COLEGIO CURSO INTELLECTUS - UNIDADE VILA ISABEL
33152721,COLEGIO CURSO PEC
33157251,COLEGIO CURSO PEC
33138087,COLEGIO CURSO PREPARATORIO PRIORIDADE HUM MADUREIRA LTDA
33114013,COLEGIO CURSO VISAO
27054578,COLEGIO D LINS
29241391,COLEGIO DA COOPERATIVA EDUCACIONAL DE CAETITE - COOPEC
31061981,COLEGIO DA FEPI
26118149,COLEGIO DA IMACULADA CONCEICAO
26020939,COLEGIO DA IMACULADA CONCEICAO
42133114,COLEGIO DA LAGOA
25068431,COLEGIO DA LUZ LTDA
43176828,COLEGIO DA UNIVERSIDADE DA REGIAO DA CAMPANHA
43204767,COLEGIO DA URCAMP
33190097,COLEGIO DALLAS
33173168,COLEGIO DALTRO NETTO
33152608,COLEGIO DANIELLE MATTOS LTDA - EPP
31374652,COLEGIO DARCILIA COIMBRA
31343668,COLEGIO DARWIN
35006291,COLEGIO DARWIN CENTRAL SCHOOL
31306169,COLEGIO DARWIN DE CURVELO
31325694,COLEGIO DARWIN DE RAUL SOARES
25128035,COLEGIO DE ALTO PADRAO DE ENSINO LTDA ME
52031799,COLEGIO DE APLICACAO ALFREDO NASSER
26144840,COLEGIO DE APLICACAO BEL MARIO BEZERRA DA SILVA - CAMB
42072360,COLEGIO DE APLICACAO DA UNIARP
29459710,COLEGIO DE APLICACAO DA UNIFAN
33032777,COLEGIO DE APLICACAO DO CENTRO UNIVERSITARIO GERALDO DI BIASE
33168970,COLEGIO DE APLICACAO UNIVERSITARIUS LTDA ME
28017803,COLEGIO DE CIENCIAS PURA E APLICADA
15554139,COLEGIO DE E F M SOPHOS
15565572,COLEGIO DE E I E F M DIMENSAO
27052095,COLEGIO DE EDUCACAO BASICA MODULO SABER
27049035,COLEGIO DE EDUCACAO BASICA NOSSA SENHORA APARECIDA
27235009,COLEGIO DE EDUCACAO BASICA SANTA AFRA
27227189,COLEGIO DE EDUCACAO BASICA SANTA ESMERALDA
25132750,COLEGIO DE ENSINO FUNDAMENTAL ANDRADE DE QUEIROS EIRELI
25131176,COLEGIO DE ENSINO FUNDAMENTAL ANDRADE LTDA
15577708,COLEGIO DE ENSINO ICOARACIENSE - CEI
52078647,COLEGIO DE ENSINO MAXIMO LTDA
23245468,COLEGIO DE ENSINO MEDIO JOSE DE ALENCAR SC LTDA
50030469,COLEGIO DE ENSINO MEDIO NOVA GERACAO
24046710,COLEGIO DE NOSSA SENHORA DO CARMO
35150782,COLEGIO DE PRESIDENTE EPITACIO
24052078,COLEGIO DE SANTA AGUEDA
29198984,COLEGIO DE SAO BENTO
26112680,COLEGIO DE SAO BENTO DE OLINDA
27034844,COLEGIO DE SAO JOSE
26193230,COLEGIO DECISAO CSA
35287490,COLEGIO DECISAO UNIDADE I
41128770,COLEGIO DECISIVO CRISTO REI EDUCACAO INFANTIL ENSINO FUNDAMENTAL E MEDIO
35010308,COLEGIO DEGRAU AMBIENTAL
52091384,COLEGIO DEGRAUS
24078131,COLEGIO DEGRAUS DO SABER
42006694,COLEGIO DEHON
52094111,COLEGIO DELOS LTDA
29692628,COLEGIO DELTA
52076229,COLEGIO DELTA - ANAPOLIS
52099504,COLEGIO DELTA JARDIM GOIAS
33541221,COLEGIO DELTA VEST
35150836,COLEGIO DELTHA AGUAI
23067845,COLEGIO DEOCLECIO FERRO
31385433,COLEGIO DETERMINANTE
31351598,COLEGIO DIAMANTE
31031674,COLEGIO DIAMANTINENSE
28079400,COLEGIO DIDATICO LTDA
42107083,COLEGIO DIMENSAO
29429110,COLEGIO DIMENSAO
29458382,COLEGIO DINAMICO
27037380,COLEGIO DINAMICO
52053121,COLEGIO DINAMICO
52062597,COLEGIO DINAMICO
52033295,COLEGIO DINAMICO
42113105,COLEGIO DINAMICO CHAPECO
52091015,COLEGIO DINAMICO DE AGUAS LINDAS DE GOIAS LTDA-ME
11007656,COLEGIO DINAMICO EDUCACAO BASICA
29149860,COLEGIO DINAMO
26053837,COLEGIO DIOCESANO DE CARUARU
26075431,COLEGIO DIOCESANO DE GARANHUNS
27045137,COLEGIO DIOCESANO DE PENEDO
28013646,COLEGIO DIOCESANO DE PROPRIA
41021908,COLEGIO DIOCESANO JOAO PAULO I - ENS FUND E MEDIO
41140834,COLEGIO DIOCESANO LEAO XIII EDUCACAO INFANTIL ENSINO FUNDAMENTAL E ENSINO MEDIO
26049953,COLEGIO DIOCESANO MONSENHOR FRANCISCO DE ASSIS NEVES
23271710,COLEGIO DIOCESANO PADRE ANCHIETA LIMOEIRO
25007548,COLEGIO DIOCESANO PADRE ROLIM
27014940,COLEGIO DIOCESANO SAGRADA FAMILIA
24001260,COLEGIO DIOCESANO SANTA LUZIA
24031372,COLEGIO DIOCESANO SERIDOENSE
26095912,COLEGIO DIOGO DE BRAGA
29417546,COLEGIO DIPLOMATA
33065268,COLEGIO DIVINA PROVIDENCIA
29304393,COLEGIO DIVINA PROVIDENCIA
27214427,COLEGIO DIVINO MESTRE
26108585,COLEGIO DIVINO MESTRE
25071068,COLEGIO DJANIRA TAVARES
52095290,COLEGIO DNA SISTEMA HERCULES DE EDUCACAO
41148142,COLEGIO DO BOSQUE MANANCIAIS
42152054,COLEGIO DO CAMPECHE
24080187,COLEGIO DO FUTURO - ENSINO MEDIO
28017820,COLEGIO DO SALVADOR
26142716,COLEGIO DOM
43119964,COLEGIO DOM ALBERTO
31343099,COLEGIO DOM BOSCO
29478901,COLEGIO DOM BOSCO
31323071,COLEGIO DOM BOSCO
35802232,COLEGIO DOM BOSCO
15174980,COLEGIO DOM BOSCO
27047792,COLEGIO DOM BOSCO - SAO MIGUEL DOS CAMPOS
21500002,COLEGIO DOM BOSCO BALSAS
41377168,COLEGIO DOM BOSCO BATEL
13098519,COLEGIO DOM BOSCO LESTE
21010331,COLEGIO DOM BOSCO LTDA
41146476,COLEGIO DOM BOSCO MERCES EDUCACAO INFANTIL ENSINO FUNDAMENTAL E MEDIO
35004193,COLEGIO DOM BOSCO RIO CLARO
17056420,COLEGIO DOM BOSCO TAQUARALTO
41127781,COLEGIO DOM BOSCO UNIDADE AHU
35005110,COLEGIO DOM BOSCO VILA MATILDE
26033925,COLEGIO DOM BOSCOEXTENSAO
31205150,COLEGIO DOM CABRAL
23268506,COLEGIO DOM FELIPE
35805440,COLEGIO DOM FELIPE UNIDADE II
31248401,COLEGIO DOM FERRAZ
31274852,COLEGIO DOM FERRAZ SOLAR DE ENSINO FUNDAMENTAL E MEDIO
43157149,COLEGIO DOM HERMETO
42108764,COLEGIO DOM JAIME CAMARA
29147905,COLEGIO DOMINIUM LTDA
31379832,COLEGIO DONA CLARA - UNIDADE 2
52046141,COLEGIO DOS SAGRADOS CORACOES
26127091,COLEGIO DOURADO
52064786,COLEGIO DR JAMIL SEBBA
35106636,COLEGIO DR WALTER BELIAN
41009169,COLEGIO DRUMMOND ENS FUNDAMENTAL E MEDIO
26127750,COLEGIO DULCE DE SOUZA LEAO LTDA
41377540,COLEGIO DYNAMICO
29454000,COLEGIO E CURSO A L LAVOISIER
24069388,COLEGIO E CURSO ABSOLUTO
25135406,COLEGIO E CURSO ALBERT EINSTEIN
33178828,COLEGIO E CURSO AO CUBO
33186260,COLEGIO E CURSO AO CUBO
33193347,COLEGIO E CURSO APLICACAO
33177279,COLEGIO E CURSO APLICACAO
33447225,COLEGIO E CURSO AZ - UNIDADE BARRA
33228604,COLEGIO E CURSO AZ - UNIDADE BOTAFOGO
33173990,COLEGIO E CURSO AZ - UNIDADE TIJUCA
33552231,COLEGIO E CURSO CARPE DIEM ASSESSORIA E EMPREENDIMENTOS LTDA
33196770,COLEGIO E CURSO CARVALHO BRAGA
26529807,COLEGIO E CURSO CP
26187507,COLEGIO E CURSO DESAFIO
24070300,COLEGIO E CURSO EVOLUCAO
25097539,COLEGIO E CURSO EVOLUCAO
26320614,COLEGIO E CURSO EXPOSITIVO
33171670,COLEGIO E CURSO FATOR
33153787,COLEGIO E CURSO FUTURO VILA DA PENHA VIP LTDA
24059706,COLEGIO E CURSO GALILEU
29472440,COLEGIO E CURSO GAUSS
24080462,COLEGIO E CURSO GENESIS LTDA ME
33173923,COLEGIO E CURSO ICONE
33195366,COLEGIO E CURSO INTELECTUS UNIDADE BANGU
33241201,COLEGIO E CURSO INTELLECTUS - UNIDADE FREGUESIA
26109549,COLEGIO E CURSO JOAO PAULO I
25118102,COLEGIO E CURSO JOSE AMERICO DE ALMEDA
25128787,COLEGIO E CURSO LL LTDA
26137968,COLEGIO E CURSO LUPAT LTDA
26157373,COLEGIO E CURSO MAGMA
51064910,COLEGIO E CURSO MASTER
26174189,COLEGIO E CURSO MASTER LTDA
33187770,COLEGIO E CURSO MATRIZ EDUCACAO
33187789,COLEGIO E CURSO MATRIZ EDUCACAO
33183368,COLEGIO E CURSO MATRIZ EDUCACAO
33187762,COLEGIO E CURSO MATRIZ EDUCACAO
33048185,COLEGIO E CURSO MATRIZ EDUCACAO
33190674,COLEGIO E CURSO MATRIZ EDUCACAO LTDA
33192685,COLEGIO E CURSO MATRIZ EDUCACAO ROCHA MIRANDA
33197466,COLEGIO E CURSO MATRIZ EDUCACAO UNIDADE MADUREIRA
26179199,COLEGIO E CURSO MENINO JESUS
26118211,COLEGIO E CURSO MICKEYLANDIA
33169560,COLEGIO E CURSO MOVA FILIAL
31367036,COLEGIO E CURSO NOTA 10
26174588,COLEGIO E CURSO OPCAO
33120544,COLEGIO E CURSO PENSI
33135827,COLEGIO E CURSO PENSI
33191824,COLEGIO E CURSO PENSI
33161011,COLEGIO E CURSO PENSI
33166943,COLEGIO E CURSO PENSI
33166820,COLEGIO E CURSO PENSI
33178909,COLEGIO E CURSO PENSI
33421226,COLEGIO E CURSO PENSI
33178976,COLEGIO E CURSO PENSI
33161429,COLEGIO E CURSO PENSI
33193118,COLEGIO E CURSO PENSI
33161402,COLEGIO E CURSO PENSI
33182094,COLEGIO E CURSO PENSI
33166935,COLEGIO E CURSO PENSI
33150931,COLEGIO E CURSO PENSI
33165920,COLEGIO E CURSO PENSI
26182211,COLEGIO E CURSO PERFORMANCE
25213806,COLEGIO E CURSO PETRONIO FIGUEIREDO LTDA
33055378,COLEGIO E CURSO PIO XII
33190054,COLEGIO E CURSO PIRAQUARA
26156318,COLEGIO E CURSO POTENCIAL
33189145,COLEGIO E CURSO PROF SANDRA STEFANO PAIVA
33193053,COLEGIO E CURSO PROGRESSAO
33189170,COLEGIO E CURSO PROGRESSAO
33174725,COLEGIO E CURSO PROGRESSAO NOVA IGUACU LTDA ME
33182108,COLEGIO E CURSO PRW
26187361,COLEGIO E CURSO REAL
26181673,COLEGIO E CURSO REAL
33189846,COLEGIO E CURSO RESOLVE RIO DAS OSTRAS
33186910,COLEGIO E CURSO SAMARITANO
22163409,COLEGIO E CURSO SECULUS
33194084,COLEGIO E CURSO START
33181594,COLEGIO E CURSO START
33193495,COLEGIO E CURSO ZERO HUM
33186928,COLEGIO E CURSO ZERO HUM MARICA
33166951,COLEGIO E CURSO ZEROHUM
33200572,COLEGIO E CURSO ZEROHUM
33184666,COLEGIO E CURSO ZEROHUM
33180660,COLEGIO E CURSO ZEROHUM ALCANTARA
33198926,COLEGIO E CURSO ZEROHUM DA PRATA
33055416,COLEGIO E CURSO ZEROHUM ICARAI
33196826,COLEGIO E CURSO ZEROHUM ITABORAI
33193991,COLEGIO E CURSO ZEROHUM ITAIPU
33197350,COLEGIO E CURSO ZEROHUM MADUREIRA
33193444,COLEGIO E CURSO ZEROHUM NILOPOLIS
33176787,COLEGIO E CURSO ZEROHUM NITEROI
33187681,COLEGIO E CURSO ZEROHUM NOVA IGUACU
33196133,COLEGIO E CURSO ZH QUEIMADOS LTDA
35150484,COLEGIO E ESCOLA TECNICA DA FUNDACAO
29399262,COLEGIO E PRE VESTIBULAR DESTAQUE
31365904,COLEGIO ECCELLENTE - UNIDADE PALMARES
28020863,COLEGIO EDIAL LTDA
29064139,COLEGIO EDIMASTER
31341398,COLEGIO EDUC
41076290,COLEGIO EDUCACAO DINAMICA
31230898,COLEGIO EDUCACAO E CULTURA
31223417,COLEGIO EDUCACIONAL ABC DE ENSINO FUNDAMENTAL E MEDIO
15179290,COLEGIO EDUCACIONAL BENTHIEN LTDA
33162948,COLEGIO EDUCACIONAL CLM
35004818,COLEGIO EDUCACIONAL VALE DO PARANAPANEMA
52095940,COLEGIO EDUCADOR
21199090,COLEGIO EDUCALLIS
24018228,COLEGIO EDUCANDARIO IMACULADA CONCEICAO LTDA
28001656,COLEGIO EDUCAR
42113350,COLEGIO EDUCAR
52055914,COLEGIO EDUCAR BRASIL ACREUNA LTDA EPP
52054268,COLEGIO EDUCAR BRASIL RIO VERDE LTDA - ME
21182345,COLEGIO EDUCAR DOM BOSCO
31229946,COLEGIO EDUCARE
41008545,COLEGIO EDUCARE - EDUCACAO INFANTIL ENSINO FUNDAMENTAL E MEDIO
31235555,COLEGIO EDUCARE DE BETIM
35159207,COLEGIO EDUCARTE EDUCACAO INFANTIL ENSINO FUNDAMENTAL E MEDIO
35155147,COLEGIO EDUCATIVA
35191188,COLEGIO EDUKI EDUCACAO INFANTIL ENSINO FUNDAMENTAL
43216510,COLEGIO EGALITE
52290352,COLEGIO EINSTEIN
35006735,COLEGIO EINSTEIN
52219364,COLEGIO EINSTEIN JR
28043405,COLEGIO EL SHADDAY
21196420,COLEGIO ELICEU MONTEIRO ALVES
42003903,COLEGIO ELISA ANDREOLI
35004036,COLEGIO ELISEOS
28075420,COLEGIO ELITE
42116643,COLEGIO ELITE CEB - EM
41127480,COLEGIO ELITE CONTEMPORANEO EI EF M
41071921,COLEGIO ELITE EF EM
41379152,COLEGIO ELITE LONDRINA - ENSINO FUNDAMENTAL E MEDIO
31367672,COLEGIO ELITE MASTER
35143170,COLEGIO ELITE MONTEIRO LOBATO
41354869,COLEGIO ELITE SAO JOSE DOS PINHAIS CENTRO - EDUCACAO INFANTIL - ENSINO FUNDAMENTAL E ENSINO MEDIO
35579403,COLEGIO ELITECOL
16012410,COLEGIO ELITTE
26191423,COLEGIO ELO
52104486,COLEGIO ELO
26125625,COLEGIO ELO
26157233,COLEGIO ELO
31274151,COLEGIO ELYSIUM
33101809,COLEGIO EME
29179564,COLEGIO EMMANUEL KANT
31364886,COLEGIO EMPREENDER
35108637,COLEGIO ENAU
24059935,COLEGIO ENCANTO UNIDADE I
42133319,COLEGIO ENERGIA
42141036,COLEGIO ENERGIA
42109230,COLEGIO ENERGIA
41377508,COLEGIO ENERGIA ATIVA - EDUCACAO INFANTIL ENSINO FUNDAMENTAL E MEDIO
35142967,COLEGIO ENGENHEIRO SALVADOR ARENA
29436168,COLEGIO ENIGMA
33451303,COLEGIO ENSINO COM
41376846,COLEGIO ENSITEC - ENSINO FUNDAMENTAL MEDIO E PROFISSIONAL
22144188,COLEGIO EQUACAO CERTA
22144196,COLEGIO EQUACAO CERTA LESTE
26118165,COLEGIO EQUIPE
33115699,COLEGIO EQUIPE 1
15177017,COLEGIO EQUIPE ANANINDEUA
15168344,COLEGIO EQUIPE CRISTAL I
31133680,COLEGIO EQUIPE DE EDUCACAO BASICA
31324515,COLEGIO EQUIPE DE JUIZ DE FORA
33111774,COLEGIO EQUIPE GRAU
15179397,COLEGIO EQUIPE JURUTI
16027000,COLEGIO EQUIPE MACAPA
41129148,COLEGIO ERASTO GAERTNER
23276142,COLEGIO ERNESTO GURGEL
23395630,COLEGIO ESPACO ABERTO
33157499,COLEGIO ESPACO ATIVO
23281332,COLEGIO ESPACO CERTO
26185539,COLEGIO ESPACO EDUCATIVO
33155860,COLEGIO ESPACO LIVRE
23232234,COLEGIO ESPACO LIVRE
35008885,COLEGIO ESPACO MAGICO INTEGRADO CEMI
33188823,COLEGIO ESPACO VERDE
43038387,COLEGIO ESPIRITO SANTO
33133840,COLEGIO ESPLENDOR
33075131,COLEGIO ESQUEMA
16011244,COLEGIO ESTACAO
41161084,COLEGIO ETICA IBIPORA EI EF M
33009694,COLEGIO EUCARISTICO
33187274,COLEGIO EUCARISTICO SANTO ANTONIO
33187282,COLEGIO EUCARISTICO SAO GONCALO
35008650,COLEGIO EVANGELICO DE ITAQUERA
33180458,COLEGIO EVANGELICO ESPORTIVO VIEIRA AGUIAR
42091578,COLEGIO EVANGELICO JARAGUA
52048420,COLEGIO EVANGELICO PLENITUDE
52096491,COLEGIO EVANGELICO PRINCIPIO DA SABEDORIA
29396379,COLEGIO EVANGELICO VIDA NOVA
33129902,COLEGIO EVEREST INTERNACIONAL
41387392,COLEGIO EVEREST INTERNACIONAL - EFM
25093037,COLEGIO EVO
23276649,COLEGIO EVOLUCAO
52100987,COLEGIO EVOLUCAO
42123704,COLEGIO EVOLUCAO
15176045,COLEGIO EVOLUCAO DE ALTAMIRA
33266204,COLEGIO EVOLUCAO DE ITAIPUACU LTDA
35004851,COLEGIO EVOLUCAO EDUCACIONAL
35157132,COLEGIO EVOLUCAO MAIS
50035690,COLEGIO EVORA
15585131,COLEGIO EXATO
52085414,COLEGIO EXATO
42014247,COLEGIO EXCELENCIA
52080668,COLEGIO EXECUTIVO
24057061,COLEGIO EXECUTIVO LTDA
26197405,COLEGIO EXIMIUS
24088439,COLEGIO EXITO
23192020,COLEGIO EXITO DO CARIRI SS LTDA
51042371,COLEGIO EXITUS EIRELI-ME
52032620,COLEGIO EXODO
52067858,COLEGIO EXPANSAO DE SANTA MARIA DOS ANJOS
16011570,COLEGIO EXPANSIVO
22022457,COLEGIO EXPERT
31022837,COLEGIO EXPOENTE
32065060,COLEGIO EXPOENTE DE CASTELO
42116112,COLEGIO EXPONENCIAL
52091295,COLEGIO EXPOVEST
52212386,COLEGIO EXPRESSAO
43135129,COLEGIO EXPRESSAO
35119787,COLEGIO EXPRESSAO
35116661,COLEGIO EXTENSAO
42028736,COLEGIO EXTENSAO X
24089303,COLEGIO EXTENSIVO
35139973,COLEGIO EXTERNATO ENSINO MEDIO
35185243,COLEGIO FAAT ENSINO FUNDAMENTAL E MEDIO
31368920,COLEGIO FAMA
52104532,COLEGIO FAMILIA DE NAZARE
27216845,COLEGIO FANTASTICO
23277149,COLEGIO FARIAS BRITO JOVEM EUSEBIO
23025646,COLEGIO FARIAS BRITO SOBRALENSE
41377672,COLEGIO FATEB EDUCACAO INFANTIL ENSINO FUNDAMENTAL MEDIO E PROFISSIONAL
51067439,COLEGIO FATO - CENTRO
51091321,COLEGIO FATO - COXIPO
26181231,COLEGIO FAZER CRESCER - ENSINO MEDIO
24080411,COLEGIO FENIX
29301521,COLEGIO FENIX
31358266,COLEGIO FENIX DE ENSINO FUNDAMENTAL E ENSINO MEDIO
41393619,COLEGIO FERA -GRUPO MATTOS LEAO EDUCACIONAL EI EF M
26137255,COLEGIO FERNANDO FERRARI
35126779,COLEGIO FERREIRA PRADO
21279721,COLEGIO FETMA E FETMA KIDS
35176734,COLEGIO FIDENS
52110400,COLEGIO FILOS
52098966,COLEGIO FILOSOFO LTDA
29182301,COLEGIO FLAMBOYANTS LTDA
43219616,COLEGIO FLEMING CANOAS
43215688,COLEGIO FLEMING CAXIAS DO SUL
42163137,COLEGIO FLEMING CRICIUMA
42163781,COLEGIO FLEMING FLORIANOPOLIS
43215360,COLEGIO FLEMING PASSO FUNDO
43215572,COLEGIO FLEMING PELOTAS
52116204,COLEGIO FLORESTA
52106420,COLEGIO FLORESTA - UNIDADE FLAMBOYANT
27054195,COLEGIO FOCUS
35004887,COLEGIO FOCUS
33196257,COLEGIO FORCA MAXIMA DA BARRA DA TIJUCA
33200530,COLEGIO FORCA MAXIMA DA TAQUARA
33190321,COLEGIO FORCA MAXIMA DE CAMPO GRANDE
33185433,COLEGIO FORCA MAXIMA DE DUQUE DE CAXIAS LTDA
33107998,COLEGIO FORCA MAXIMA DE LARANJEIRAS
33166560,COLEGIO FORCA MAXIMA DE NOVA IGUACU LTDA - ME
33053367,COLEGIO FORCA MAXIMA DE PIABETA
33090041,COLEGIO FORCA MAXIMA DE SAO GONCALO LTDA - ME
33448256,COLEGIO FORCA MAXIMA DE SAO JOAO DE MERITI
33197156,COLEGIO FORCA MAXIMA DE VILA DA PENHA
33159599,COLEGIO FORCA MAXIMA DE VILAR DOS TELES
42160073,COLEGIO FORMULA
35009990,COLEGIO FORTITUDE
52099024,COLEGIO FRACTAL CIDADE JARDIM
31006424,COLEGIO FRANCISCANO SAGRADA FAMILIA
43056172,COLEGIO FRANCISCANO SAO JOSE
33125864,COLEGIO FRANCISCO DE ASSIS
42003571,COLEGIO FRANCISCO JOSE FERREIRA NETO
33070954,COLEGIO FRANKLIN CARNEIRO
22144137,COLEGIO FRATER
31005673,COLEGIO FREDERICO OZANAM
22010270,COLEGIO FREI FRANCISCO
33185425,COLEGIO FREINET
42118670,COLEGIO FROEBEL
31383392,COLEGIO FUCAMP
35122506,COLEGIO FUTURA
42111706,COLEGIO FUTURAO
42103894,COLEGIO FUTURO EIRELI - ME
33192030,COLEGIO FUTURO VIP - RECREIO
31371777,COLEGIO GABARITO
31354562,COLEGIO GABARITO
31352195,COLEGIO GABARITO
31382655,COLEGIO GABARITO - UNIDADE II
43210643,COLEGIO GABARITO CANOAS
43203876,COLEGIO GABARITO ZONA NORTE
43085679,COLEGIO GABRIEL TABORIN
41066545,COLEGIO GABRIELA MISTRAL
52034720,COLEGIO GALATAS
52020517,COLEGIO GALILEU
31281883,COLEGIO GALILEU
29304407,COLEGIO GALILEU
35127197,COLEGIO GALILEU GALILEI
35009476,COLEGIO GALILEU GALILEI UNIDADE VILA EMA
31305294,COLEGIO GAMA DE SAO GOTARDO
35581781,COLEGIO GANDOLFI
33176310,COLEGIO GAPE
35007094,COLEGIO GENESIS
29342872,COLEGIO GENESIS
33548250,COLEGIO GENESIS DE RESENDE
29375967,COLEGIO GENIO S
52104699,COLEGIO GENIOS UNIDADE II
17056721,COLEGIO GENIUS
52024660,COLEGIO GENIUS
31360147,COLEGIO GENOMA
29478952,COLEGIO GENOMA
31364517,COLEGIO GENOMA
31378496,COLEGIO GENOMA II
15581276,COLEGIO GENTIL BITTENCOURT
50010530,COLEGIO GERACAO
25133233,COLEGIO GERACAO
42106311,COLEGIO GERACAO
33189820,COLEGIO GERACAO Z LTDA
26193957,COLEGIO GGE
26190451,COLEGIO GGE
25133861,COLEGIO GGE
26163039,COLEGIO GGE
15552900,COLEGIO GILDETE DUTRA
35100024,COLEGIO GIORDANO
35143595,COLEGIO GIUSTO ZONZINI
21267324,COLEGIO GLAUCIA COSTA
42116201,COLEGIO GLOBAL
23276002,COLEGIO GLOBOMAX
52032973,COLEGIO GOIANIENSE ADVENTISTA
43100007,COLEGIO GONZAGA
33058806,COLEGIO GRACILIANO RAMOS
35155044,COLEGIO GRADUAL CERQUILHO
26173280,COLEGIO GRANDE PASSO
35008774,COLEGIO GRATITUDE
22144919,COLEGIO GREAT
29182387,COLEGIO GREGOR MENDEL
26289601,COLEGIO GREMIO EDUCATIVO
33194181,COLEGIO GUAPIMIRIM LTDA
17057280,COLEGIO GUARAI
35141773,COLEGIO GUARARAPES EIEFEM
23275871,COLEGIO GURI SENIOR
50027956,COLEGIO HARMONIA - UNIDADE I
43113338,COLEGIO HEBE MARSIGLIA
35800193,COLEGIO HEITOR GARCIA
35566950,COLEGIO HELENA
31220353,COLEGIO HELENA BICALHO
29342880,COLEGIO HELYOS
26146770,COLEGIO HEMERLINDA CORREIA
50024701,COLEGIO HERMESINDO ALONSO GONZALEZ
51062372,COLEGIO HEXAGONO
31371750,COLEGIO HG6
15569179,COLEGIO HIPER IDEAL DE EDUCACAO BASICA
24084140,COLEGIO HIPOCRATES ZONA NORTE
24069329,COLEGIO HIPOCRATES ZONA SUL
35144903,COLEGIO HOLUS SM LTDA
35189182,COLEGIO HORIZONTE
35118936,COLEGIO HORIZONTES
51036169,COLEGIO IBERO AMERICANO
33130027,COLEGIO IBPI BARRA DA TIJUCA
33143366,COLEGIO ICARO
51088363,COLEGIO IDEAL
15171639,COLEGIO IDEAL
29423783,COLEGIO IDEAL
25128450,COLEGIO IDEAL
29450640,COLEGIO IDEAL
53014111,COLEGIO IDEAL - UNIDADE III
53017030,COLEGIO IDEAL FUNDAMENTAL - UNIDADE V
28032799,COLEGIO IDEAL LTDA-EPP
35004247,COLEGIO IDEALISTA PROFESSOR BENEDITO ORTIZ
35174968,COLEGIO IDEALIZE
42164478,COLEGIO IDENTIDADE
29456096,COLEGIO IEPROL
24042412,COLEGIO IESC LTDA
52104818,COLEGIO IESGO MASTER
33116784,COLEGIO IGLESIAS
51044005,COLEGIO IMACULADA CONCEICAO
31302848,COLEGIO IMACULADA CONCEICAO
21136971,COLEGIO IMACULADA CONCEICAO LTDA
52042340,COLEGIO IMACULADO CORACAO DE MARIA
31346314,COLEGIO IMP LTDA
15586715,COLEGIO IMPACTO
29406579,COLEGIO IMPACTO
29428289,COLEGIO IMPACTO
15570479,COLEGIO IMPACTO
52097633,COLEGIO IMPACTO
22141200,COLEGIO IMPACTO
23276584,COLEGIO IMPACTO CAMOCIM
15155005,COLEGIO IMPACTO DE ICOARACI
15118967,COLEGIO IMPACTO DE PARAGOMINAS
15225020,COLEGIO IMPACTO- MANGUEIRAO
33222401,COLEGIO IMPERADOR LTDA EPP
41100700,COLEGIO IMPERATRIZ DONA LEOPOLDINA
21318433,COLEGIO IMPERIAL
31334251,COLEGIO IMPERIO EDUCACIONAL DE ENSINO FUNDAMENTAL E ENSINO MEDIO
31382744,COLEGIO IMPERIO WIN
25119826,COLEGIO INA
26178133,COLEGIO INCENTIVO
22056955,COLEGIO INDUSTRIAL SAO FRANCISCO DE ASSIS
25064266,COLEGIO INES SOARES
26133199,COLEGIO INOVACAO
51006952,COLEGIO INOVACAO EDC INFANTIL ENS FUNDAMENTAL E MEDIO
27052125,COLEGIO INOVAR
26182262,COLEGIO INOVAR
22144668,COLEGIO INOVE
35005391,COLEGIO INSPIRA ENSINO FUNDAMENTAL E MEDIO
41060199,COLEGIO INSTITUTO CRISTAO
33176671,COLEGIO INSTITUTO MARCOS FREITAS
31374709,COLEGIO INTEGRA
35808489,COLEGIO INTEGRACAO JUNDIAI
27051625,COLEGIO INTEGRADO
31382515,COLEGIO INTEGRADO ALFA
15174476,COLEGIO INTEGRADO BELEM LTDA
31246182,COLEGIO INTEGRADO DE SAO LOURENCO
31302520,COLEGIO INTEGRADO JEAN PIAGET
29347980,COLEGIO INTEGRADO MANOEL LOBO
22141006,COLEGIO INTEGRADO SANTO ANDRE
41029429,COLEGIO INTEGRADO SONIA MARCONDES
31377953,COLEGIO INTEGRADO UBERABA
52103161,COLEGIO INTEGRADO UNIDADE AREIAO
35155779,COLEGIO INTEGRADO VERITAS
29182344,COLEGIO INTEGRAL
52072568,COLEGIO INTEGRAL DE CATALAO
23277467,COLEGIO INTELECTO
29441730,COLEGIO INTELECTO
15572005,COLEGIO INTELECTUAL
52103870,COLEGIO INTELECTUAL INTEGRAL LTDA
17055741,COLEGIO INTELECTUS
28034414,COLEGIO INTELLECTUS
27226620,COLEGIO INTENSIVO SISTEMA DE ENSINO LTDA
25117050,COLEGIO INTENSIVO UNIDADE I COSTA E SILVA
41002202,COLEGIO INTENTUS - EDUCACAO INFANTIL E ENSINO FUNDAMENTAL E MEDIO
31332780,COLEGIO INTER ACAO UNIDADE II
52108180,COLEGIO INTER EDUC - ENSINO E APRENDIZAGEM
29494605,COLEGIO INTERACAO EMPREENDIMENTOS EDUCATIVOS LTDA
17056527,COLEGIO INTERACAO VOZES ATIVAS UNIDADE II
52100723,COLEGIO INTERATIVA - UNIDADE SAO JUDAS TADEU
52109224,COLEGIO INTERATIVA - UNIDADE SENADOR CANEDO
41031105,COLEGIO INTERATIVA EDUCACAO INFANTIL ENSINO FUNDAMENTAL E MEDIO
27321029,COLEGIO INTERATIVO
35470223,COLEGIO INTERATIVO DE CRUZEIRO
29232864,COLEGIO INTERATIVO DE MARACAS
33447250,COLEGIO INTERATIVO ENSINO MEDIO
26055198,COLEGIO INTERATIVO JARDIM DA CRIANCA
16007743,COLEGIO INTERGENIUS
35130205,COLEGIO INTERNACIONAL RADIAL
33457239,COLEGIO INTERNACIONAL SIGNORELLI
35006144,COLEGIO INVICTUS TEENS
33040516,COLEGIO IPIRANGA
23183675,COLEGIO IPUENSE
26151553,COLEGIO IRENE BORGES
16004779,COLEGIO IRMA MARIA JOSE
51036185,COLEGIO ISAAC NEWTON - CIN - MATUTINO E VESPERTINO
51064677,COLEGIO ISAAC NEWTON - CIN INTEGRAL ITA MEDICINA
43104983,COLEGIO ISRAELITA BRASILEIRO
35009792,COLEGIO JADE
23062622,COLEGIO JANUSA CORREA
52086615,COLEGIO JAO LTDA
28072430,COLEGIO JARDINS LTDA
33036659,COLEGIO JEAN PIAGET
35419400,COLEGIO JEAN PIAGET DE PIRAPOZINHO CENTRO EDUCACIONAL
35010346,COLEGIO JEAN PIAGET UNIDADE II
35006289,COLEGIO JEAN PIAGET UNIDADE III
35808076,COLEGIO JESUS ADOLESCENTE
25103269,COLEGIO JOAO HERMAN RODRIGUES DE FIGUEIREDO
43238203,COLEGIO JOAO PAULO I HIGI
33081727,COLEGIO JOAO PAULO I LTDA-EPP
31349127,COLEGIO JOAO PAULO II
15547205,COLEGIO JOAO XXIII
23276320,COLEGIO JOAQUIM BARROSO NETO II
26163888,COLEGIO JOSE BENJAMIN DE SOUZA LEAO
27024075,COLEGIO JOSE CORREIA VIANNA
28022009,COLEGIO JOSE FERNANDES DA FONSECA
23006137,COLEGIO JOSE MARIA MONTEIRO
29208955,COLEGIO JOSE NOGUEIRA
35144496,COLEGIO JOSEENSE
52086488,COLEGIO JR
35300408,COLEGIO JS
31343447,COLEGIO JUNQUEIRA - UNIDADE II
35448205,COLEGIO KELVIN
35581021,COLEGIO KELVIN SISTEMA DE ENSINO CATANDUVA
29191467,COLEGIO KENNEDY
31105953,COLEGIO KENNEDY 1º E 2º GRAUS
33182086,COLEGIO KOELER
42153379,COLEGIO KRAPP LTDA
43037682,COLEGIO LA SALLE
51169827,COLEGIO LA SALLE
43039260,COLEGIO LA SALLE
43043666,COLEGIO LA SALLE
43060129,COLEGIO LA SALLE
43043674,COLEGIO LA SALLE - CARMO
15173330,COLEGIO LA SALLE ANANIDEUA
51027909,COLEGIO LA SALLE ATEC
31335746,COLEGIO LAIS FARNETTI
31180530,COLEGIO LASER
12028835,COLEGIO LATO SENSU
33530220,COLEGIO LAURA MATOS UNIDADE 2
28017986,COLEGIO LAVOISIER
42005728,COLEGIO LEGADO
51069431,COLEGIO LEIBNIZ
35144617,COLEGIO LEME
42084695,COLEGIO LEME LTDA
29429870,COLEGIO LEONARDO DA VINCI
31123544,COLEGIO LEONARDO DA VINCI
29473497,COLEGIO LEONARDO DA VINCI
43172440,COLEGIO LEONARDO DA VINCI- BETA
43172423,COLEGIO LEONARDO DA VINCI-ALFA
22022406,COLEGIO LEROTE LTDA
41395832,COLEGIO LIBANO-BRASILEIRO
50028820,COLEGIO LICEU - UNID II
35007027,COLEGIO LICEU ARCANJOS
52099490,COLEGIO LIDER
33170355,COLEGIO LIDER
31369667,COLEGIO LIDER
33189692,COLEGIO LIMA CORREA LTDA
29422353,COLEGIO LINCE LTDA
24001295,COLEGIO LIRIOS LTDA
21199809,COLEGIO LITERATO
31376442,COLEGIO LIVRE APRENDER
33171467,COLEGIO LLESSER UNIDADE 2
41382366,COLEGIO LOBO DO PARANA - ENSINO FUNDAMENTAL E MEDIO
26153050,COLEGIO LOGOS
31006157,COLEGIO LOGOSOFICO GONZALEZ PECOTCHE
35006933,COLEGIO LONDON UNIDADE II
31376272,COLEGIO LOSANGO
31321257,COLEGIO LOSANGO DE ARCOS
31329576,COLEGIO LOSANGO DE CAMPO BELO
31309770,COLEGIO LOSANGO DE FORMIGA
31354848,COLEGIO LOSANGO DE LAVRAS
31184349,COLEGIO LOSANGO DE UBA
23235900,COLEGIO LOURENCO FILHO - PARANGABA
23073209,COLEGIO LOURENCO FILHO CENTRAL
52105695,COLEGIO LUMEN
50030590,COLEGIO LUMIERE ENSINO FUNDAMENTAL
29396760,COLEGIO LUMINAR
35008842,COLEGIO LUMISOL
31372013,COLEGIO LUNOS EDUCACIONAL
32076363,COLEGIO LUSIADAS
43073875,COLEGIO LUTERANO REDENTOR
35123146,COLEGIO LUXON EIEFEM
31230642,COLEGIO LYCEU
31344176,COLEGIO M2
31300454,COLEGIO M2 - FERNAO DIAS
31376191,COLEGIO M2 - PEDRO LEOPOLDO
31371742,COLEGIO M2 - VESPASIANO
33089167,COLEGIO M3
33170347,COLEGIO M3
15562000,COLEGIO MAANAIM
29463289,COLEGIO MAANAIM
35289012,COLEGIO MACHADO DE ASSIS
22209603,COLEGIO MACHADO DE ASSIS
52029999,COLEGIO MACHADO DE ASSIS
22142517,COLEGIO MADRE SAVINA UNIDADE JOCKEY
22144420,COLEGIO MADRE TERESA
43107419,COLEGIO MAE DE DEUS
50035088,COLEGIO MAESTRIA - ENEM E VESTIBULARES
35107803,COLEGIO MAGISTER
31004731,COLEGIO MAGNUM AGOSTINIANO NOVA FLORESTA
28031563,COLEGIO MAGNUS
35004901,COLEGIO MAGNUS AGOSTINHO
33152713,COLEGIO MAIA SANTOS
31367966,COLEGIO MAIS
52033112,COLEGIO MAIS ANIMA
31383546,COLEGIO MAIS POSITIVO - UNIDADE II
33064709,COLEGIO MALLET SOARES
29461324,COLEGIO MANOEL RIBEIRO
50031651,COLEGIO MAPER
43176801,COLEGIO MARCO POLO
35125155,COLEGIO MARCONI UNIDADE VILA AUGUSTA
35172935,COLEGIO MARIA
13093126,COLEGIO MARIA ANGELIM
31005797,COLEGIO MARIA CLARA MACHADO
33098263,COLEGIO MARIA DA CONCEICAO BAPTISTA OLIVEIRA
29448468,COLEGIO MARIA EDITH RHODEN
23277050,COLEGIO MARIA ESTER 4
42035775,COLEGIO MARIA IMACULADA
29201969,COLEGIO MARIA JOSE
29442346,COLEGIO MARIA JOSE ARAUJO
29099838,COLEGIO MARIA MONTESSORI
27226115,COLEGIO MARIA MONTESSORI
52045579,COLEGIO MARIA MONTESSORI
50009060,COLEGIO MARIA MONTESSORI
23200758,COLEGIO MARIA STELA EEIFM
26118270,COLEGIO MARIA TEREZA
33177597,COLEGIO MARILIA MATTOSO - UNIDADE ICARAI - ENSINO MEDIO
33055866,COLEGIO MARILIA MATTOSO UNIDADE SAO DOMINGOS
35100444,COLEGIO MARILLAC
32010311,COLEGIO MARISTA
31318345,COLEGIO MARISTA DE ALFENAS
27034895,COLEGIO MARISTA DE MACEIO
24057134,COLEGIO MARISTA DE NATAL
29447518,COLEGIO MARISTA DE PATAMARES
21265585,COLEGIO MARISTA DO ARACAGY
31004880,COLEGIO MARISTA PADRE EUSTAQUIO
25093088,COLEGIO MARISTA PIO X
33066698,COLEGIO MARISTA SAO JOSE
33160830,COLEGIO MARISTA SAO JOSE BARRA
26122162,COLEGIO MARISTA SAO LUIS
35139580,COLEGIO MARQUES DE MONTE ALEGRE
33159068,COLEGIO MARQUES RODRIGUES - SULACAP
35155159,COLEGIO MASTER ANGLO DE ARARAQUARA
50034197,COLEGIO MASTER LTDA
31370614,COLEGIO MASTER MED
43090273,COLEGIO MATER AMABILIS
24002526,COLEGIO MATER CHRISTI
41093461,COLEGIO MATER DEI - EDUCACAO INFANTIL ENSINO FUNDAMENTAL E MEDIO
29408148,COLEGIO MATISSE
21292647,COLEGIO MAX
51094061,COLEGIO MAXI
42014298,COLEGIO MAXIMILIANO GAIDZINSKI
31316059,COLEGIO MAXIMUS UNIDADE SANTA LUZIA
29435250,COLEGIO MEDEIROS MAGALHAES
29364060,COLEGIO MEDITERRANEO
33188319,COLEGIO MEIRELES MACEDO
35157028,COLEGIO MELO ARAGAO
35165451,COLEGIO MEMORIAL
24003662,COLEGIO MENINO DEUS LTDA
25079956,COLEGIO MENINO JESUS
25016172,COLEGIO MENINO JESUS
25111973,COLEGIO MENINO JESUS
25061674,COLEGIO MENINO JESUS DE PRAGA
35111648,COLEGIO MERE MARIE THEODORE VOIRON
22144030,COLEGIO MERITO D MARTONNE
51070464,COLEGIO MERITOS EDUCACIONAL MADRE LUIZA BERTRAND
43203817,COLEGIO MESQUITA
22144978,COLEGIO META
25132369,COLEGIO META
52087468,COLEGIO META
51091127,COLEGIO METHA
29452414,COLEGIO METODO
35005656,COLEGIO METROPOLITAN PAULINENSE
41123794,COLEGIO METROPOLITANA - EDUCACAO INFANTIL E ENSINO FUNDAMENTAL E MEDIO
42135613,COLEGIO METROPOLITANO
52091570,COLEGIO METROPOLITANO
35150587,COLEGIO METROPOLITANO
28032063,COLEGIO MICHELANGELO - MA E FILHOS
29327822,COLEGIO MIGUEL AFONSO
31040967,COLEGIO MILLENIUM
29431204,COLEGIO MILLENIUM
35299182,COLEGIO MILLENIUM LTDA ME
31223778,COLEGIO MINAS AUSTRAL - ENSINO FUNDAMENTAL E MEDIO
41131304,COLEGIO MODELO CURITIBA EIRELI
26122235,COLEGIO MODELO DO RECIFE
52057224,COLEGIO MODELO OS PEQUENINOS
33183015,COLEGIO MODERNO
23165901,COLEGIO MODULO
29182409,COLEGIO MODULO
41377117,COLEGIO MONJOLO - EDUCACAO INFANTIL ENSINO FUNDAMENTAL E MEDIO
26075458,COLEGIO MONS ADELMAR DA MOTA VALENCA
42136490,COLEGIO MONS AGENOR NEVES MARQUES LTDA
52088308,COLEGIO MONSENHOR
29165660,COLEGIO MONSENHOR NEIVA
24089478,COLEGIO MONTE
27342018,COLEGIO MONTE SINAI
31256927,COLEGIO MONTE-SIONENSE
29455871,COLEGIO MONTEIRO LOBATO
52086526,COLEGIO MONTEIRO LOBATO
25030540,COLEGIO MONTEIRO LOBATO
29429064,COLEGIO MONTEIRO LOBATO
28007042,COLEGIO MONTEIRO LOBATO
25017934,COLEGIO MONTEIRO LOBATO LTDA
35456093,COLEGIO MONTESSORI
29190886,COLEGIO MONTESSORIANO
35197154,COLEGIO MORAES
23061553,COLEGIO MOREIRA XAVIER
25133519,COLEGIO MOTIVA LTDA - MOTIVA CENTRO
42038430,COLEGIO MOTIVACAO LTDA
26160307,COLEGIO MOTIVO
26125668,COLEGIO MOTIVO - CASA FORTE
26184834,COLEGIO MOTIVO CARUARU
26186225,COLEGIO MOTIVO PETROLINA
35006039,COLEGIO MULTIPLA ESCOLHA TUPA
26143330,COLEGIO MULTIPLO ENSINO
26193221,COLEGIO MULTIPLO ESCOLHA
33183678,COLEGIO MULTIPLOS
27258009,COLEGIO MULTIVISAO
29436710,COLEGIO MUNDIAL
28029771,COLEGIO MUNDO CRIATIVO
25266942,COLEGIO MUNDO DAS LETRAS E EXATO COLEGIO E CURSOS
42159571,COLEGIO MUNDO DO SABER
29442567,COLEGIO MUNDO MAGICO
43109152,COLEGIO MURIALDO
43041647,COLEGIO MURIALDO
43041639,COLEGIO MURIALDO - CAXIAS DO SUL
31316377,COLEGIO MUTUM
33055920,COLEGIO MV I ICARAI
33135746,COLEGIO MV1 SAO GONCALO
27224953,COLEGIO N SRA DA ROSA MISTICA
17055539,COLEGIO NABLA E VESTIBULARES
33148627,COLEGIO NACIONAL
31369969,COLEGIO NACIONAL - UNIDADE IV
31239666,COLEGIO NACIONAL DO ENSINO MEDIO DE ARAGUARI
35005406,COLEGIO NASCIMENTO EDUCACAO
42069432,COLEGIO NAVEGANTES FERREIRA PISKE
50033913,COLEGIO NAVIRAI-ENSINO FUNDAMENTAL E MEDIO
52093808,COLEGIO NEO OBJETIVO
31276651,COLEGIO NEUZA DUTRA
31376310,COLEGIO NIEDE GUIDON
31343889,COLEGIO NILTA DONOFRIO DE CARVALHO
31127949,COLEGIO NINI MOURAO
33143846,COLEGIO NITEROI
29093619,COLEGIO NOBRE DE FEIRA DE SANTANA
29243980,COLEGIO NOBREGA LTDA
31004162,COLEGIO NOEME CAMPOS
35121551,COLEGIO NOGUEIRA
13026496,COLEGIO NOSSA SENHORA AUXILIADORA
26033950,COLEGIO NOSSA SENHORA AUXILIADORA
27216705,COLEGIO NOSSA SENHORA AUXILIADORA
42145430,COLEGIO NOSSA SENHORA DA CONCEICAO
31255262,COLEGIO NOSSA SENHORA DA PENA
31006513,COLEGIO NOSSA SENHORA DA PIEDADE
29182441,COLEGIO NOSSA SENHORA DA SOLEDADE
29301505,COLEGIO NOSSA SENHORA DA VITORIA
26051648,COLEGIO NOSSA SENHORA DAS DORES
31004171,COLEGIO NOSSA SENHORA DAS DORES
22014543,COLEGIO NOSSA SENHORA DAS GRACAS
21114285,COLEGIO NOSSA SENHORA DE FATIMA
43123643,COLEGIO NOSSA SENHORA DE FATIMA
33063516,COLEGIO NOSSA SENHORA DE LOURDES
31196177,COLEGIO NOSSA SENHORA DE NAZARE
41130227,COLEGIO NOSSA SENHORA DE SION-SOLITUDE- EIEFEM
26064588,COLEGIO NOSSA SENHORA DO AMPARO
31202100,COLEGIO NOSSA SENHORA DO AMPARO
31004499,COLEGIO NOSSA SENHORA DO MONTE CALVARIO
13079220,COLEGIO NOSSA SENHORA DO ROSARIO
27054500,COLEGIO NOSSA SENHORA DO SANTISSIMO SACRAMENTO
24082147,COLEGIO NOSSA SENHORA DOS PRAZERES LTDA
27016439,COLEGIO NOSSA SENHORA ROSA MISTICA
43019056,COLEGIO NOSSA SRA AUXILIADORA - ESC DE 1 E 2
43105025,COLEGIO NOSSA SRA DA GLORIA
25007564,COLEGIO NOSSA SRA DO CARMO LTDA
33060754,COLEGIO NOSSO AMIGUINHO DE VILA DE CAVA
28032497,COLEGIO NOTA DEZ
51036215,COLEGIO NOTRE DAME DE LOURDES
52218350,COLEGIO NOVA EPOCA
35004190,COLEGIO NOVA EPOCA UNIDADE II
51064545,COLEGIO NOVA GERACAO
26156482,COLEGIO NOVA GERACAO - ARARIPINA - PE
29171644,COLEGIO NOVO ESPACO
31296848,COLEGIO NOVO MILENIO - COOTEC
31322245,COLEGIO NOVO MUNDO
41385667,COLEGIO NOVO MUNDO -ENSINO MEDIO
35004693,COLEGIO NOVO PATIO
35009366,COLEGIO NOVO UNIDADE ALTO DA BOA VISTA
29472067,COLEGIO NOVOS TALENTOS
26137631,COLEGIO NUCLEO
52106551,COLEGIO NUCLEO
26187353,COLEGIO NUCLEO - BOA VIAGEM
27043592,COLEGIO NUNILA MACHADO -ROSAL
21279810,COLEGIO O BOM PASTOR
21268894,COLEGIO O BOM PASTOR JUNIOR
28032250,COLEGIO O SABER
29343941,COLEGIO OASIS DE JACOBINA
29332249,COLEGIO OBJETIVA RAMILI
22142363,COLEGIO OBJETIVO
50013475,COLEGIO OBJETIVO ANAEC - NOVA ANDRADINA
33064601,COLEGIO OBJETIVO BOTAFOGO
33198993,COLEGIO OBJETIVO CABO FRIO
33175560,COLEGIO OBJETIVO CAMBOINHAS
24057193,COLEGIO OBJETIVO DE NATAL
35007022,COLEGIO OBJETIVO DE PIRACICABA
35159013,COLEGIO OBJETIVO DE RIO CLARO
35153151,COLEGIO OBJETIVO DE RIOLANDIA
22141693,COLEGIO OBJETIVO DIF
35139300,COLEGIO OBJETIVO ESPLANADA
35138794,COLEGIO OBJETIVO ITAPIRA
35176205,COLEGIO OBJETIVO JAGUARE
42143969,COLEGIO OBJETIVO LAGES
35169432,COLEGIO OBJETIVO PERUIBE
35582924,COLEGIO OBJETIVO PLENITUDE UNIDADE II
29453330,COLEGIO OBJETIVO PLUS
35005131,COLEGIO OBJETIVO PRIME
22025715,COLEGIO OBJETIVO S-S
33028567,COLEGIO OBJETIVO SAO PEDRO
41024826,COLEGIO OBJETIVO UNIDADE MARINGA
35142098,COLEGIO OBJETIVO UNIDADE SUZANO
52107990,COLEGIO OBJETIVO VALPARAISO
29365023,COLEGIO OFICINA
29542618,COLEGIO OFICINA DE VITORIA DA CONQUISTA
35008152,COLEGIO OFICINA DO ESTUDANTE UNIDADE PAINEIRAS
42142008,COLEGIO OFICINA LTDA
23232307,COLEGIO OLIMPICO
31369772,COLEGIO OLIMPO BH
52096785,COLEGIO OLIMPO GOIANIA
17056446,COLEGIO OLIMPO PALMAS INTEGRAL
31384909,COLEGIO OLIMPO TRIANGULO MINEIRO
29135249,COLEGIO OLIMPOS LTDA
15174077,COLEGIO OLIMPUS
23232390,COLEGIO OLIVEIRA CASTRO
21249911,COLEGIO OLYMPUS - YESI
31371971,COLEGIO OMEGA
29471583,COLEGIO OMEGA
35582323,COLEGIO OMEGA
31377899,COLEGIO OMEGA
31346934,COLEGIO OMEGA
26179679,COLEGIO OMEGA
28007050,COLEGIO OPCAO
31384828,COLEGIO OPCAO - UNIDADE II
35158549,COLEGIO ORION E PASSINHO SEGURO
31370258,COLEGIO ORLEANS E BRAGANCA
33036675,COLEGIO OSVALDO AFONSO
15551377,COLEGIO OSVALDO CRUZ
52061000,COLEGIO OSVALDO CRUZ
50007890,COLEGIO OSWALDO TOGNINI
31096270,COLEGIO PADRAO
32062435,COLEGIO PADRE OTAVIO MOREIRA
52202399,COLEGIO PADRE REUS
21298602,COLEGIO PADRE ROGERIO DUBOIS
23169923,COLEGIO PADRE VIANA
33147809,COLEGIO PALAS
33066752,COLEGIO PALAS
13026631,COLEGIO PALAS ATENA
35352652,COLEGIO PALAVRA VIVA UNIDADE II
17026237,COLEGIO PALMAS LTDA ME
29422310,COLEGIO PARAISO
33091226,COLEGIO PARAISO
23350628,COLEGIO PARAISO DA CULTURA
35141689,COLEGIO PARALELO
33149410,COLEGIO PARANAPUA
33100241,COLEGIO PARATY
23062541,COLEGIO PARQUE ESTUDANTIL GUADALAJARA
35144216,COLEGIO PARTHENON
35133115,COLEGIO PARTHENON BOM CLIMA
35004865,COLEGIO PASCHOAL DANTAS UNIDADE IV
41150392,COLEGIO PASSO CERTO GROWING BILINGUE - EDUCACAO INFANTIL ENSINO FUNDAMENTAL E MEDIO
41077458,COLEGIO PASSOS FIRMES-EDUCACAO INFANTIL ENSINO FUNDAMENTAL E MEDIO
26117525,COLEGIO PATRICIA COSTA
35007666,COLEGIO PAULINIA UNIDADE II
15166260,COLEGIO PAULISTA DE BELEM LTDA-EPP
31279099,COLEGIO PAULO FREIRE
29277825,COLEGIO PAULO VI
42003890,COLEGIO PE AGOSTINHO
35005753,COLEGIO PENSE
31376582,COLEGIO PENSE
31368091,COLEGIO PENTAGONO
31349348,COLEGIO PENTAGONO
29339731,COLEGIO PEQUENO PRINCIPE
15156028,COLEGIO PEQUENO PRINCIPEAVANTE
29609607,COLEGIO PERFIL
26115557,COLEGIO PERNAMBUCANO
29394252,COLEGIO PERSPECTIVA
41379110,COLEGIO PGD - ED INF ENSINO FUNDAMENTAL E MEDIO
33249202,COLEGIO PH
33180385,COLEGIO PH
33110328,COLEGIO PH
33105405,COLEGIO PH
33177627,COLEGIO PH
33180539,COLEGIO PH
33165998,COLEGIO PH
33155852,COLEGIO PH
15573044,COLEGIO PH7 DE ENSINO FUNDAMENTAL E MEDIO LTDA-ME
31364533,COLEGIO PHD
15174514,COLEGIO PHYSICS AUGUSTO MONTENEGRO
15175529,COLEGIO PHYSICS CASTANHAL
15172287,COLEGIO PHYSICS INTEGRAL
16012054,COLEGIO PHYSICS MACAPA
29393795,COLEGIO PIAGET
51060035,COLEGIO PIAGET - BESS E EISELE LTDA - ME
28009592,COLEGIO PIERRE FREITAS S C
33104573,COLEGIO PINHEIRO GUIMARAES - UNIDADE BARRA DA TIJUCA
33065357,COLEGIO PINHEIRO GUIMARAES LTDA
26125234,COLEGIO PINHEIROS
28017242,COLEGIO PIO DECIMO LTDA - EPP
25093096,COLEGIO PIO XI
31369527,COLEGIO PIO XI DE MANHUMIRIM
32038526,COLEGIO PIO XII
29359287,COLEGIO PIRAMIDE
31170534,COLEGIO PIRLIMPIMPIM SAO PASCHOALL
31375446,COLEGIO PIRLIMPIMPIM SAO PASCHOALL - UNIDADE III
31006009,COLEGIO PITAGORAS -CARLOS PRATES
35008395,COLEGIO PITAGORAS PAULINIA
35144058,COLEGIO PITECO DE EDUCACAO INFANTIL E FUNDAMENTAL
35004369,COLEGIO PLANCK
52091279,COLEGIO PLANETA EDUCACIONAL
35009706,COLEGIO PLANETA UNIDADE II
26190494,COLEGIO PLENO LTDA
33345201,COLEGIO PLUZ
51118815,COLEGIO POENTE
52105741,COLEGIO POLI 10
35004269,COLEGIO POLIEDRO
35006976,COLEGIO POLIEDRO ARARAS
35134132,COLEGIO POLIEDRO DE EDUCACAO
35009757,COLEGIO POLIEDRO UNIDADE CENTRO
25124528,COLEGIO POLIGONO EDUCACIONAL LTDA
31276227,COLEGIO POLIS
35009434,COLEGIO POLITECNICO SAPIENCIA
23142820,COLEGIO POLOS
33182078,COLEGIO PONTO DE APOIO DE TERESOPOLIS
41387210,COLEGIO PONTUAL - ENSINO FUNDAMENTAL E MEDIO
26162016,COLEGIO PONTUAL CENTRO EDUCACIONAL LTDA
27055043,COLEGIO POP EDUCACAO COM INOVACAO
35807618,COLEGIO PORTAL DO FUTURO
31299880,COLEGIO PORTAL DO SABER
51022753,COLEGIO PORTAL DO XINGU
35121125,COLEGIO PORTINARI
35009870,COLEGIO PORTINARI PRETORIANO
24088846,COLEGIO PORTO
35125982,COLEGIO PORTO ALVORADA ENSINO FUNDAMENTAL E MEDIO
35134326,COLEGIO PORTO BRAGANCA LTDA
35144204,COLEGIO PORTUGUES DE SAO PAULO
41129326,COLEGIO POSITIVO BOA VISTA - EDUCACAO INFANTIL ENSINO FUNDAMENTAL E MEDIO
41158750,COLEGIO POSITIVO HAUER - ENSINO MEDIO
41152484,COLEGIO POSITIVO INTERNATIONAL SCHOOL EDUCACAO INFANTIL ENSINO FUNDAMENTAL E MEDIO
42121191,COLEGIO POSITIVO JOINVILLE
41160266,COLEGIO POSITIVO LONDRINA - EDUCACAO INFANTIL ENSINO FUNDAMENTAL E MEDIO
41063015,COLEGIO POSITIVO MASTER - EDUCACAO INFANTIL ENSINO FUNDAMENTAL E MEDIO
41355644,COLEGIO POSITIVO VICENTE MACHADO - ENSINO MEDIO
35565271,COLEGIO POTENCIAL
33175586,COLEGIO POTENCIAL LTDA - ME
31062197,COLEGIO POUSO ALEGRE DE ENSINO FUNDAMENTAL E ENSINO MEDIO
43218687,COLEGIO PRACA XV
33172234,COLEGIO PRE UNIVERSITARIO MOSAICO
35141768,COLEGIO PRELUDIO
35179848,COLEGIO PRELUDIO
41030095,COLEGIO PREMIER - EDUCACAO INFANTIL ENSINO FUNDAMENTAL E MEDIO
31262153,COLEGIO PREMIO
15175065,COLEGIO PREMIUM AUGUSTO MONTENEGRO
15179532,COLEGIO PREMIUM BOULEVARD
52104966,COLEGIO PREMIUM CN
29048583,COLEGIO PRESBITERIANO AUGUSTO GALVAO
35006275,COLEGIO PRESBITERIANO DE ATIBAIA
35010237,COLEGIO PRESBITERIANO DE GUARULHOS UNIDADE II
31257664,COLEGIO PRESBITERIANO DE PIUMHI
17055962,COLEGIO PRESBITERIANO MACKENZIE PALMAS
35119660,COLEGIO PRESTES MAIA
52034046,COLEGIO PREVEST
31345571,COLEGIO PRIMAR DE EDUCACAO INFANTIL ENSINO FUNDAMENTAL E ENSINO MEDIO
52097781,COLEGIO PRIME
26189216,COLEGIO PRIMEIRA CLASSE
33138079,COLEGIO PRIORIDADE HUM
31277487,COLEGIO PRISMA
29137918,COLEGIO PRJ
22131027,COLEGIO PRO CAMPUS JUNIOR
28035470,COLEGIO PRO-MUNDO LTDA EPP MATRIZ
22027173,COLEGIO PROCAMPUS
15166236,COLEGIO PROF ANTONIO LEITE
15568830,COLEGIO PROFESSOR AFONSO
33106754,COLEGIO PROFESSOR CLOVIS TAVARES PRO-UNI
31361500,COLEGIO PROFESSOR ROBERTO HERBSTER GUSMAO
11043954,COLEGIO PROFESSOR VANKS
50003704,COLEGIO PROFESSORA JULIETA MOTA DOS SANTOS
15577856,COLEGIO PROFESSORA MARIA GORETTI SS LTDA
26110598,COLEGIO PROFESSORA ZULEIDE CONSTANTINO
52034054,COLEGIO PROGRESSIVO
35439368,COLEGIO PROGRESSO BILINGUE
35006190,COLEGIO PROGRESSO ITU
35450856,COLEGIO PROGRESSO UNIDADE TAQUARAL
35430808,COLEGIO PROGRESSO UNIDADE VINHEDO
31368687,COLEGIO PROMOVE DE SETE LAGOAS
29142717,COLEGIO PROPEDEUTICO
52083888,COLEGIO PROTAGORAS
52099946,COLEGIO PROTAGORAS BUENO
43108423,COLEGIO PROVINCIA DE SAO PEDRO
28017366,COLEGIO PURIFICACAO LTDA
52260372,COLEGIO PXS FLAMBOYANT
33135924,COLEGIO QI
33143331,COLEGIO QI
33156026,COLEGIO QI
33124418,COLEGIO QI - TIJUCA
33071721,COLEGIO QI METROPOLITANO
52073564,COLEGIO QUARTZO
25127101,COLEGIO QUESTAO DE INTELIGENCIA - INTERMARES
33110050,COLEGIO QUINTANILHA
35189431,COLEGIO R C
28035119,COLEGIO RABBONI LTDA
43105050,COLEGIO RAINHA DO BRASIL
35006199,COLEGIO RAIO DE SOL
29220696,COLEGIO RAIO DE SOL
29195608,COLEGIO RAMO DA VIDEIRA
35004252,COLEGIO RAPHAEL DI SANTO
50007920,COLEGIO RAUL SANS DE MATOS
35007422,COLEGIO RDSSWISS
33193223,COLEGIO REALENGO E CRECHE ALDEIA MIRIM
52102521,COLEGIO RECANTO DO SABER
42127815,COLEGIO RECRIARTE
31378313,COLEGIO REDE DECISAO - UNIDADE LOURDES
52101398,COLEGIO REDE EDUCA GOIAS
15159310,COLEGIO REDENTOR DE ENSINO MEDIO ENSINO FUNDAMENTAL I E II E EDUCACAO INFANTIL
26142759,COLEGIO REGINA COELI
21256667,COLEGIO REIS MAGOS
32041446,COLEGIO RENOVACAO
35813000,COLEGIO RENOVACAO ANGLO INDAIATUBA
29365813,COLEGIO RESGATYESHUA
33159416,COLEGIO RESOLVE CASIMIRO EIRELI
33184763,COLEGIO RESOLVE LALEDU EDUCACAO EIRELI
33156760,COLEGIO RESSURREICAO
31170461,COLEGIO RESSURREICAO NOSSA SENHORA
35115083,COLEGIO RESSURREICAO RIBEIRAO PRETO
31326577,COLEGIO REVISAO
31277843,COLEGIO RH
43123988,COLEGIO RIACHUELO
35138630,COLEGIO RIBEIRO DE FREITAS
33044317,COLEGIO RIO BONITO
22140093,COLEGIO RM
31041262,COLEGIO ROBERTO CARNEIRO
35006076,COLEGIO RODRIGUES LIMA
41033752,COLEGIO ROLAND -ENSINO FUNDAMENTAL E MEDIO
43114857,COLEGIO ROMANO NOSSA SENHORA AUXILIADORA
43105351,COLEGIO ROMANO SAO MATEUS
43211402,COLEGIO ROMANO SENHOR BOM JESUS
25071491,COLEGIO ROSA MISTICA
27230015,COLEGIO ROSALVO
27226697,COLEGIO ROSALVO FELIX
31304468,COLEGIO ROUSSEAU
35810940,COLEGIO RS INSTITUTO EDUCACIONAL LTDA
33090777,COLEGIO RUI BARBOSA
31379719,COLEGIO RUTHERFORD
41155254,COLEGIO SABER - EM
26194236,COLEGIO SABER VIVER - UNIDADE III
42061180,COLEGIO SAGRADA FAMILIA
27255018,COLEGIO SAGRADA FAMILIA
26053861,COLEGIO SAGRADO CORACAO
43378110,COLEGIO SAGRADO CORACAO DE JESUS
41063368,COLEGIO SAGRADO CORACAO DE JESUS
31325864,COLEGIO SAGRADO CORACAO DE JESUS
31180220,COLEGIO SAGRADO CORACAO DE JESUS
43023363,COLEGIO SAGRADO CORACAO DE JESUS
31344249,COLEGIO SAGRADO CORACAO DE JESUS
31265578,COLEGIO SAGRADO CORACAO DE JESUS
31007111,COLEGIO SAGRADO CORACAO DE JESUS
33143803,COLEGIO SALA DE EDUCAR
24281301,COLEGIO SALESIANO DOM BOSCO
43107370,COLEGIO SALESIANO DOM BOSCO
32074964,COLEGIO SALESIANO JARDIM CAMBURI
43113680,COLEGIO SALESIANO LEAO XIII
32040083,COLEGIO SALESIANO N S DA VITORIA
28017919,COLEGIO SALESIANO NOSSA SENHORA AUXILIADORA
26121484,COLEGIO SALESIANO SAGRADO CORACAO
33055947,COLEGIO SALESIANO SANTA ROSA
51039877,COLEGIO SALESIANO SAO GONCALO - ESCOLA DE EDUCACAO BASICA
24057126,COLEGIO SALESIANO SAO JOSE
33114510,COLEGIO SAN DIEGO LTDA
35009561,COLEGIO SAN MARINO UNIDADE II
51072335,COLEGIO SAN PETRUS
28032772,COLEGIO SAN RAFAEL LTDA
26138565,COLEGIO SANDRA MARIA
31041327,COLEGIO SANT ANA
33195463,COLEGIO SANT ANNA SEGMENTOS FINAIS LTDA
27326012,COLEGIO SANTA AMELIA
27051889,COLEGIO SANTA AMELIA UNIDADE GRUTA
41025229,COLEGIO SANTA ANA EDUCACAO INFANTIL E ENSINO FUNDAMENTAL E MEDIO
31007561,COLEGIO SANTA BRANCA
43093124,COLEGIO SANTA CATARINA
42000645,COLEGIO SANTA CATARINA
24079286,COLEGIO SANTA CLARA
26175207,COLEGIO SANTA CLARA
41024672,COLEGIO SANTA CRUZ
31294047,COLEGIO SANTA CRUZ
13026500,COLEGIO SANTA DOROTEIA
26058448,COLEGIO SANTA DOROTEIA
26162210,COLEGIO SANTA EMILIA
26181266,COLEGIO SANTA EMILIA
26193450,COLEGIO SANTA EMILIA
21017506,COLEGIO SANTA FE
28075412,COLEGIO SANTA FE LTDA
27054551,COLEGIO SANTA ISABEL
35102283,COLEGIO SANTA IZILDINHA
21092680,COLEGIO SANTA LUZIA
43069223,COLEGIO SANTA LUZIA
26124220,COLEGIO SANTA MARIA
33092346,COLEGIO SANTA MARIA
33088519,COLEGIO SANTA MONICA - BONSUCESSO
33071926,COLEGIO SANTA MONICA - CACHAMBI
33089825,COLEGIO SANTA MONICA - SAO GONCALO
33111642,COLEGIO SANTA MONICA - TAQUARA
43173390,COLEGIO SANTA MONICA ALTOS DO LARANJAL
43040071,COLEGIO SANTA ROSA
27037169,COLEGIO SANTA ROSA
42028493,COLEGIO SANTA ROSA DE LIMA
21011052,COLEGIO SANTA TERESA
43033520,COLEGIO SANTA TERESINHA
43152759,COLEGIO SANTA TERESINHA
27035514,COLEGIO SANTA TEREZA
42129303,COLEGIO SANTA TEREZINHA
35114960,COLEGIO SANTA URSULA DE RIBEIRAO PRETO
27218244,COLEGIO SANTA URSULA LTDA
35135550,COLEGIO SANTA VIRGINIA
23268999,COLEGIO SANTANENSE
28018052,COLEGIO SANTANNA DE SERGIPE LTDA
27214737,COLEGIO SANTISSIMA TRINDADE
29149894,COLEGIO SANTISSIMO SACRAMENTO
27218198,COLEGIO SANTISSIMO SENHOR
31004651,COLEGIO SANTO AGOSTINHO
29371031,COLEGIO SANTO AGOSTINHO
31333921,COLEGIO SANTO AGOSTINHO UNIDADE NOVA LIMA
31014061,COLEGIO SANTO AGOSTINHO-UNIDADE CONTAGEM
41155815,COLEGIO SANTO ANJO BARIGUI ENS FUNDAMENTAL E ENS MEDIO
52047369,COLEGIO SANTO ANTONIO
25068458,COLEGIO SANTO ANTONIO
31157902,COLEGIO SANTO ANTONIO
25134000,COLEGIO SANTO ANTONIO
42020492,COLEGIO SANTO ANTONIO
52090817,COLEGIO SANTO ANTONIO
43060412,COLEGIO SANTO ANTONIO
29093643,COLEGIO SANTO ANTONIO
29171652,COLEGIO SANTO ANTONIO DE JESUS
33063710,COLEGIO SANTO ANTONIO MARIA ZACCARIA
35102660,COLEGIO SANTO IVO
28019547,COLEGIO SANTOS DUMONT
31212067,COLEGIO SAO BENEDITO
31349399,COLEGIO SAO BENEDITO- UNIDADE II
35137650,COLEGIO SAO CARLOS
31166103,COLEGIO SAO DOMINGOS
31362735,COLEGIO SAO FRANCISCO - UNIDADE II
21073880,COLEGIO SAO FRANCISCO DE ASSIS
31193097,COLEGIO SAO FRANCISCO XAVIER - CARIRU
31279102,COLEGIO SAO GERALDO
31375195,COLEGIO SAO GONCALO DO SAPUCAI
27214915,COLEGIO SAO JERONIMO LTDA
33145237,COLEGIO SAO JOAO BATISTA NOVA FRIBURGO
29332672,COLEGIO SAO JOAO EVANGELISTA
31325872,COLEGIO SAO JOAO NEPOMUCENO
27047431,COLEGIO SAO JORGE
29301513,COLEGIO SAO JORGE DOS ILHEUS
15045455,COLEGIO SAO JOSE
26102617,COLEGIO SAO JOSE
42090601,COLEGIO SAO JOSE
26097290,COLEGIO SAO JOSE
29181640,COLEGIO SAO JOSE
29127009,COLEGIO SAO JOSE
31004111,COLEGIO SAO JOSE DE ENSINO FUNDAMENTAL E MEDIO
29482240,COLEGIO SAO JOSE LTDA
52068390,COLEGIO SAO JOSE LTDA
27214400,COLEGIO SAO JUDAS TADEU
22144153,COLEGIO SAO JUDAS TADEU
31014150,COLEGIO SAO JUDAS TADEU
22254722,COLEGIO SAO JUDAS TADEU
22144200,COLEGIO SAO JUDAS TADEU
22141901,COLEGIO SAO JUDAS TADEU - DIRCEU
29181658,COLEGIO SAO LAZARO
27226220,COLEGIO SAO LUCAS
28110404,COLEGIO SAO LUCAS
43139094,COLEGIO SAO LUIS
29432839,COLEGIO SAO LUIS
27216748,COLEGIO SAO MATEUS
35152444,COLEGIO SAO MIGUEL ARCANJO
28020065,COLEGIO SAO PAULO
29487250,COLEGIO SAO PAULO
31005134,COLEGIO SAO PAULO
43162800,COLEGIO SAO PEDRO
31318523,COLEGIO SAO RAFAEL
28024362,COLEGIO SAO SALVADOR
27215741,COLEGIO SAO TOMAS DE AQUINO
15140463,COLEGIO SAPIENS
11049073,COLEGIO SAPIENS - UNIDADE INTENSIVO
11000252,COLEGIO SAPIENS - UNIDADE JARDIM AMERICA
11000198,COLEGIO SAPIENS - UNIDADE JARDIM DAS MANGUEIRAS
41149955,COLEGIO SAPIENS-ENSINO MEDIO
31378291,COLEGIO SARAH DAWSEY
33183384,COLEGIO SARAH DAWSEY UNIDADE TIJUCA
31307742,COLEGIO SAVASSI
23082585,COLEGIO SEBASTIAO DE ABREU
15117014,COLEGIO SEBASTIAO SARAIVA
35007078,COLEGIO SEI
51069482,COLEGIO SELECT MACHADO DE ASSIS
52274373,COLEGIO SELECTUS
52103994,COLEGIO SELECTUS LTDA
33180776,COLEGIO SENA ADED
29470153,COLEGIO SENECA
41133463,COLEGIO SENHORA DE FATIMA ED INF ENSINO FUND MEDIO SC LTDA
23214260,COLEGIO SENSO - UNIDADE CENTRO
33156069,COLEGIO SER E CRESCER DE NOVA IGUACU LTDA
31346420,COLEGIO SES
41133293,COLEGIO SESC SAO JOSE
41147227,COLEGIO SESI AFONSO PENA ENSINO MEDIO
41147278,COLEGIO SESI AMPERE ENSINO MEDIO
41427823,COLEGIO SESI APUCARANA ENSINO FUNDAMENTAL E MEDIO
41392213,COLEGIO SESI ARAPONGAS ENSINO MEDIO
41133480,COLEGIO SESI BOQUEIRAO EDUCACAO INFANTIL E ENSINO MEDIO
41616987,COLEGIO SESI CAMPO MOURAO ENSINO MEDIO
41156269,COLEGIO SESI CAPANEMA ENSINO MEDIO
41605985,COLEGIO SESI CIANORTE ENSINO MEDIO
41133501,COLEGIO SESI CIC ENSINO FUNDAMENTAL E MEDIO
41165462,COLEGIO SESI CURITIBA CENTRO ENSINO MEDIO
41154177,COLEGIO SESI DOIS VIZINHOS ENSINO MEDIO
41086627,COLEGIO SESI EDUCACAO INFANTIL E ENSINO MEDIO
41605950,COLEGIO SESI FOZ DO IGUACU ENSINO MEDIO
41101324,COLEGIO SESI GUARAPUAVA ENSINO MEDIO
41154231,COLEGIO SESI INTERNACIONAL DE CURITIBA ENSINO FUNDAMENTAL E MEDIO
41157320,COLEGIO SESI INTERNACIONAL DE LONDRINA ENSINO MEDIO
41389093,COLEGIO SESI IRATI EDUCACAO INFANTIL E ENSINO MEDIO
41388135,COLEGIO SESI PARANA ENSINO FUNDAMENTAL E MEDIO
41388232,COLEGIO SESI PARANA ENSINO MEDIO
41602072,COLEGIO SESI PARANA ENSINO MEDIO
41388380,COLEGIO SESI PARANA ENSINO MEDIO
41387945,COLEGIO SESI PARANA RIO NEGRO ENSINO MEDIO
41146948,COLEGIO SESI PARANAVAI ENSINO MEDIO
41392272,COLEGIO SESI PATO BRANCO ENSINO MEDIO
41148118,COLEGIO SESI PINHAIS ENSINO MEDIO
41155211,COLEGIO SESI PONTA GROSSA EDUCACAO INFANTIL E ENSINO MEDIO
41153707,COLEGIO SESI SANTO ANTONIO DA PLATINA ENSINO MEDIO
41389808,COLEGIO SESI TELEMACO BORBA ENSINO MEDIO
41147219,COLEGIO SESI UMUARAMA EDUCACAO INFANTIL E ENSINO MEDIO
41388402,COLEGIO SESI UNIAO DA VITORIA EDUCACAO INFANTIL ENSINO FUNDAMENTAL E MEDIO
31128031,COLEGIO SETE DE SETEMBRO
33111650,COLEGIO SETEMBRO
29391970,COLEGIO SEU AMADO
35192934,COLEGIO SEVERIANO
52083870,COLEGIO SHALLON - GOIANIA 2
52033090,COLEGIO SHALLON - UNIDADE I
23275936,COLEGIO SHALOM
29024498,COLEGIO SHALOM LTDA
35582827,COLEGIO SIGMA
27049248,COLEGIO SIGMA
42055253,COLEGIO SILOE
33190160,COLEGIO SILVA SERPA
52097676,COLEGIO SIMBIOS
52086542,COLEGIO SIMETRIA
29380740,COLEGIO SIMETRICO LTDA
52106446,COLEGIO SINAPSE
42016410,COLEGIO SINODAL DOUTOR BLUMENAU
43087469,COLEGIO SINODAL PROGRESSO
31257583,COLEGIO SISTEMA
15567648,COLEGIO SISTEMA SOCIEDADE CIVIL LTDA
29227720,COLEGIO SOCIAL DE JEQUIE
29290783,COLEGIO SOCIAL DE VALENCA
35806444,COLEGIO SOKA DO BRASIL
21278962,COLEGIO SOL
52015742,COLEGIO SOLAR
31381101,COLEGIO SOLIDO - UNIDADE PIRAPORA
31367710,COLEGIO SOLIDO - UNIDADE SAO JOSE
31346209,COLEGIO SOLIDO MEDIO
16011708,COLEGIO SOLUCOES
35442100,COLEGIO SOMAR
15230023,COLEGIO SOPHOS DE PARAGOMINAS
35158719,COLEGIO SOS
35450935,COLEGIO SOUZA E ALMEIDA
26137950,COLEGIO SOUZA LEAO MEDIO
31377619,COLEGIO SOUZA SIMAN
33160996,COLEGIO SR MILLENNIUM
29149908,COLEGIO STAR
50035703,COLEGIO STATUS - UNIDADE II
31324434,COLEGIO SUCESSO
52031772,COLEGIO SUL D AMERICA LTDA
35168531,COLEGIO SUPER HUMANOS
42145058,COLEGIO SUPER INCENTIVO LTDA ME
31368113,COLEGIO SUPER MAIS
29365791,COLEGIO SUPER STAR
26101840,COLEGIO SUPERACAO
29442710,COLEGIO SUPERIOR LTDA
15565793,COLEGIO SUPREMO DA AMAZONIA
35119593,COLEGIO SUZANO
35115484,COLEGIO T C ATHENA
24069515,COLEGIO TALENTO
51062925,COLEGIO TALES DE MILETO
33106460,COLEGIO TAUA
25001795,COLEGIO TECNICO DOM VITAL
33173133,COLEGIO TECNICO SANTA CLARA EIRELI ME
31062243,COLEGIO TECNOLOGICO DELFIM MOREIRA
23212020,COLEGIO TELES
23282339,COLEGIO TELEYOS
33394202,COLEGIO TEMPORAL DO GAU LTDA
42160545,COLEGIO TEOREMA
52101355,COLEGIO TERA
52032183,COLEGIO TEREZINHA DE JESUS
35007382,COLEGIO TERRA BRASILIS LTDA
41048873,COLEGIO TIA ANA MARIA
50005200,COLEGIO TICTAC E INSTITUTO PENRABEL
51015773,COLEGIO TIRADENTES
25125494,COLEGIO TOP
35529503,COLEGIO TORRICELLI UNIDADE I
43029035,COLEGIO TOTEM CACHOEIRA DO SUL
43218237,COLEGIO TOTEM CRUZ ALTA
43216870,COLEGIO TOTEM SANTA MARIA
31361313,COLEGIO TRAVESSIA
42203600,COLEGIO TRILINGUE INOVACAO
52108813,COLEGIO TRINUS
35167666,COLEGIO TRIVIUM
33064628,COLEGIO TTH BAR-ILAN
35439939,COLEGIO TYTO BARRA BONITA
33170401,COLEGIO UEDA PECANHA
43037720,COLEGIO ULBRA CRISTO REDENTOR
15011020,COLEGIO ULBRA CRISTO SALVADOR
43176984,COLEGIO ULBRA MARTINHO LUTERO
17026156,COLEGIO ULBRA PALMAS
43173357,COLEGIO ULBRA SAO PEDRO
42105528,COLEGIO UNI
28037812,COLEGIO UNI MAIS
25099540,COLEGIO UNIAO
11037660,COLEGIO UNIAO
31342998,COLEGIO UNIAO DE ENSINO INFANTIL FUNDAMENTAL E MEDIO - COOPEC TC
42007437,COLEGIO UNIBAVE
35006207,COLEGIO UNICO
33170509,COLEGIO UNICO LTDA
26440733,COLEGIO UNICO UNIDADE SANTO AMARO
35142840,COLEGIO UNIDADE MONTE ALTO DE ENSINO
52105555,COLEGIO UNIDESC
42110599,COLEGIO UNIFICADO
42114012,COLEGIO UNIFICADO
42123372,COLEGIO UNIFICADO
31118281,COLEGIO UNIFOR
50016628,COLEGIO UNIGRAN
50032895,COLEGIO UNIGRAN - UNIDADE II
41147049,COLEGIO UNINORTE JUNIOR - EDUCACAO INFANTIL ENSINO FUNDAMENTAL E MEDIO
35152961,COLEGIO UNIQUE
35288445,COLEGIO UNIQUEUNIDADE URUPES
35006934,COLEGIO UNITERP CIDADE NORTE
35102301,COLEGIO UNIVERSIDADE BRASIL
31371696,COLEGIO UNIVERSITARIO
43200273,COLEGIO UNIVERSITARIO
42123682,COLEGIO UNIVERSITARIO CRICIUMA LTDA
31180556,COLEGIO UNIVERSITARIO DE APLICACAO DA UNINCOR - PROF DR JOSE MARIA FERREIRA MACIEL
35152638,COLEGIO UNIVERSITARIO DE AVARE
41033310,COLEGIO UNIVERSITARIO ED INFANT ENS FUND E MEDIO
42038901,COLEGIO UNIVERSITARIO MAFRENSE
24003638,COLEGIO UNIVERSO UNO
43199879,COLEGIO UNIVERSOS
52093069,COLEGIO UNO SALES
42161509,COLEGIO UNOESC DE EDUCACAO INOVADORA
52097595,COLEGIO UNUS
29024595,COLEGIO VALE DO SAO FRANCISCO
31343781,COLEGIO VALE DO SAPUCAI
35168920,COLEGIO VANGUARDA
31295175,COLEGIO VENCER
23252464,COLEGIO VENCER
31365106,COLEGIO VENCER
26122170,COLEGIO VERA CRUZ RECIFE
52094502,COLEGIO VERATZ - INSTITUTO DE EDUCACAO ABV LTDA
42143063,COLEGIO VERDES MARES
33100926,COLEGIO VERITAS
52096807,COLEGIO VERITAS II
52101517,COLEGIO VERSUS LTDA
31074331,COLEGIO VIANNA JUNIOR
33083770,COLEGIO VICTORIA CASTRO LTDA-ME
35808210,COLEGIO VICTORINO EIRELI
35584939,COLEGIO VIDEIRA
25133012,COLEGIO VILA LTDA
31319091,COLEGIO VILA MONTE SIAO
51064529,COLEGIO VILA REAL LTDA - ME
27230627,COLEGIO VILA RICA
29442826,COLEGIO VILAS
31293423,COLEGIO VILLA REAL
52076997,COLEGIO VILLAGE GARAVELO - UNIDADE I
41033256,COLEGIO VILLASBOAS EDUCACAO INFANTIL E ENSINO FUNDAMENTAL
29386756,COLEGIO VIRAMUNDO
52089550,COLEGIO VISAO
26118262,COLEGIO VISAO
52076601,COLEGIO VISAO
22118977,COLEGIO VISAO DE PARNAIBA
23231297,COLEGIO VITORIA LTDA
43150616,COLEGIO VOLARE SOLEDADE
52050785,COLEGIO VOO LIVRE LTDA
25071513,COLEGIO WALFREDO SIQUEIRA LUNA
50032712,COLEGIO WINNER NAVIRAI
52068986,COLEGIO WR
52103358,COLEGIO YES PROFISSIONAL
29070392,COLEGIO YOLANDA DIAS ROCHA
52022765,COLEGIO ZENITE
52059383,COLEGIO ZENITE
33171793,COLEGIO-CURSO CELULA 1
33109591,COLEGIO-CURSO TAMANDARE
15585689,COLEGIOSEIMA
52088120,COLEGO PITAGORAS LTDA
31374555,COLEGUIUM - INTERNACIONAL CIDADE NOVA
31358428,COLEGUIUM - UNIDADE ALIPIO DE MELO
31358541,COLEGUIUM - UNIDADE CARLOS PRATES
31359610,COLEGUIUM - UNIDADE CONCEICAO DO MATO DENTRO
31374644,COLEGUIUM - UNIDADE DIVINOPOLIS
31364860,COLEGUIUM - UNIDADE GUTIERREZ ENSINO FUNDAMENTAL E MEDIO
31005088,COLEGUIUM - UNIDADE INTERNACIONAL BELVEDERE
31368342,COLEGUIUM - UNIDADE INTERNACIONAL BURITIS
15173437,COLEGUIUM - UNIDADE INTERNACIONAL CARAJAS
31006386,COLEGUIUM - UNIDADE JARAGUA
31341550,COLEGUIUM - UNIDADE JARDIM CANADA
31254886,COLEGUIUM - UNIDADE LAGOA SANTA
31377759,COLEGUIUM - UNIDADE NOVA SUICA
31217123,COLEGUIUM - UNIDADE OURO PRETO
31351725,COLEGUIUM - UNIDADE OURO PRETO INTEGRAL
31322873,COLEGUIUM - UNIDADE SANTA AMELIA
25113100,COLIBRI COLEGIO E CURSO
22268715,COLISEU CENTRO EDUCACIONAL
35152900,COLISEU COLEGIO
31260541,COLLEGIUM PRISMA
41057570,COLONIA HOLANDESA CEI EF M
35126007,COMPACTO DE MARILIA COLEGIO
35104206,COMPANHIA DE MARIA COLEGIO
33138460,COMPLEXO CULTURAL CACA TALENTOS
24057207,COMPLEXO EDUC HENRIQUE CASTRICIANO
27220923,COMPLEXO EDUCACIONAL AGOSTINIANO
24057002,COMPLEXO EDUCACIONAL CONTEMPORANEO
21180385,COMPLEXO EDUCACIONAL DOCE INFANCIA
21092761,COMPLEXO EDUCACIONAL DOM BOSCO
21017549,COMPLEXO EDUCACIONAL LAUNE
26188090,COMPLEXO EDUCACIONAL NOVO HORIZONTE
24009296,COMPLEXO EDUCACIONAL SANTO ANDRE
35112689,COMUNITARIA DE CAMPINAS ESCOLA
35136359,CONCORDIA COLEGIO
35060574,CONDE DOMINGOS COLEGIO
27053431,CONECTA EIRELI
35802141,CONECTADO COLEGIO
35445848,CONEXAO COLEGIO
22026029,CONEXAO COLEGIO LTDA
52108430,CONEXAO EDUCACIONAL
13105493,CONNEXUS ENSINO FUNDAMENTAL E MEDIO LTDA
35809305,CONQUISTA COLEGIO
35170112,CONQUISTA COLEGIO
35196642,CONSTRUINDO COLEGIO
35188980,CONSTRUINDO O FUTURO COLEGIO
24083453,CONTEMPORANEO CIDADE VERDE
35401857,CONVIVIO DE BEBEDOURO ESCOLA DE ENSINO MEDIO
22022899,COOP EDUC BASICA DO PIAUI
31279684,COOP EDUC CARLOS CHAGAS-COOEDUCAR
31041408,COOP EDUC N SRA DE FATIMA
33094101,COOPEDUCACIONAL ESCOLA ESPACO EDUCACAOJARDIM ESCOLA PEQUENO POLEGAR
32073739,COOPEDUCAR CE E CULTURA SABER
51054400,COOPEQ-COOPERATIVA DE TRABABALHO EDUCACIONAL QUATRO MARCOS
42147549,COOPERATIVA DE EDUCACAO DE PROFESSORES E ESPECIALISTAS
51065088,COOPERATIVA DE ENSINO ALVARES CABRAL
52067840,COOPERATIVA DE ENSINO DE QUIRINOPOLIS
35172832,COOPERATIVA DE IBIUNA ESCOLA
11040076,COOPERATIVA DE PROFISSIONAIS EM EDUCACAO
29318297,COOPERATIVA DE TRABALHO DOS PROFISSIONAIS EM EDUCACAO DE EUNAPOLIS - COOEDUC EUNAPOLIS
33156913,COOPERATIVA DE TRABALHO EDUCACIONAL CESAR ALMEIDA
33192677,COOPERATIVA DE TRABALHO EDUCACIONAL EIDUC ESPACO INTEGRADO DE EDUC E CULT DE BOM JARDIM LTDA
25130226,COOPERATIVA DE TRABALHO INSTITUTO EDUCACIONAL COMPACTO
42048192,COOPERATIVA DE TRABALHO MAGNA
33164541,COOPERATIVA DOS PROFISSIONAIS DA EDUCACAO DE ANGRA DOS REIS
51016010,COOPERATIVA EDUCACIONAL ALBERT SABIN
33138141,COOPERATIVA EDUCACIONAL CAPACITAR
35159104,COOPERATIVA EDUCACIONAL DE BARIRI COEBA CENTRO DE ED BASICA
29433002,COOPERATIVA EDUCACIONAL DE BARREIRAS
11050373,COOPERATIVA EDUCACIONAL DE CACOAL
27226530,COOPERATIVA EDUCACIONAL DE GIRAU DO PONCIANO - LTDA
42126088,COOPERATIVA EDUCACIONAL DE IMBITUBA
29304490,COOPERATIVA EDUCACIONAL DE ITABUNA
29454425,COOPERATIVA EDUCACIONAL DE JAGUARARI COOPEJ
35138174,COOPERATIVA EDUCACIONAL DE LENCOIS PAULISTA COOPERELP
29377463,COOPERATIVA EDUCACIONAL DE NAZARE LTDA
35126925,COOPERATIVA EDUCACIONAL DE NOVO HORIZONTE
29406080,COOPERATIVA EDUCACIONAL DE SANTO ANTONIO DE JESUS RESP LTDA
35172960,COOPERATIVA EDUCACIONAL DE UBATUBA
11041951,COOPERATIVA EDUCACIONAL DE VILHENA
33120986,COOPERATIVA EDUCACIONAL ESCOLA FRIBOURG
35123444,COOPERATIVO COLEGIO DE EDUCACAO BASICA
35118023,COOPERE COLEGIO
35155160,COOPERPRO COLEGIO DE EDUCACAO BASICA
29365406,COOPEX - COLEGIO BOA IDEIA
52101363,COPE - COLEGIO PREPARAENEM
35172613,COPERNICO COLEGIO
35165967,CORACAO DE MARIA INSTITUTO EDUCACIONAL
35116178,CORACAO IMACULADO DE MARIA COLEGIO
25205803,CORALIO SOARES DE OLIVEIRA
35151993,COSMOS DE PAULINIA COLEGIO
35449748,COSTA AGUIAR COLEGIO
35133152,COSTA ZAVAGLI COLEGIO
35111363,COTET COLEGIO TECNICO DE TAUBATE
22141197,CPI SISTEMA DE ENSINO
24003581,CPP - COLEGIO PRINCIPE
33181110,CR TAVARES EDUCACIONAL COLEGIO E CURSOS
35373424,CRAVINHOS CENTRO EDUCACIONAL DE
24075329,CREART CENTRO CRIATIVO DE EDUCACAO COM ARTES
35172510,CRESCER COLEGIO
35175420,CRESCER DE JUNDIAI COLEGIO
21279446,CRESCIMENTO CALHAU
35812912,CRIACAO DA VILA COLEGIO
35151567,CRIACAO ESCOLA
35808337,CRIAR COLEGIO
35173137,CRIAR TE ESCOLA DE EDUCACAO INFANTIL
35809445,CRIARTE COLEGIO
35118321,CRIARTE COLEGIO
35101783,CRIATIVA ESCOLA DE EIEEF
35117547,CRIATIVO COLEGIO
35268410,CRISTA DE ENSINO ESCOLA
35290981,CRISTAO DE JUNDIAI COLEGIO
35151737,CRISTAO FLORIDA COLEGIO
41159357,CRISTAO INT DE MARINGAZONA CEM
35175857,CRISTAO LEAO DE JUDA COLEGIO
35141331,CRISTOVAO COLOMBO COLEGIO
35151348,CRUZ DE MALTA INSTITUTO DE EDUCACAO
35289036,CRUZEIRO COLEGIO
35130758,CRUZEIRO DO SUL COLEGIO UNIDADE II
26170515,CTM COLEGIO E CURSO LTDA
35189935,CULTURA COLEGIO
35800200,CUNHA CARVALHO CURUMIM COLEGIO
28018109,CURSO COLEGIO MODULO LTDA
33129005,CURSO DE APLICACAO UNIVERSITARIA LTDA
29422299,CURSO E COLEGIO ANALISE - EIRELI - EPP
42152038,CURSO E COLEGIO CONEXAO LTDA
42160650,CURSO E COLEGIO CRIATIVO
29458757,CURSO E COLEGIO FORTUNATO
42116040,CURSO E COLEGIO IDEOLOGIA
42159547,CURSO E COLEGIO INTEGRAL
29477271,CURSO E COLEGIO LEFFLER
35007524,CURSO E COLEGIO UNI
33148287,CURSO FLAMA VESTIBULARES LTDA
31239682,CURSO G9
33175110,CURSO PROGRESSAO ILHA DO GOVERNADOR LTDA ME
35126044,CURSOS PROVE ESCOLA DE ENSINO FUNDAMENTAL E MEDIO
23263741,CWD MAXIMUS COLEGIO
35118312,D EDUCATIVO
35373886,D INCAO INSTITUTO DE ENSINO
21274231,D PEDRO II EMPREENDIMENTOS EDUCACIONAIS LTDA
35155100,DA VINCI COLEGIO INSTITUTO EDUCACAO
35103524,DANTE ALIGHIERI COLEGIO
23073012,DARWIN COLEGIO
23272015,DAULIA BRINGEL COLEGIO
35805683,DAVILOHN COLEGIO
35165359,DAVINA GASPARINI COLEGIO
35288214,DE ANGELES UNID I COLEGIO
35296478,DEGRAUS COLEGIO
35119040,DELTA COLEGIO
35288652,DELTA COLEGIO
35419849,DELTA COLEGIO E CURSO
35007668,DELTA EDUCACIONAL
35806122,DESAFIO CENTRO EDUCACIONAL
35154908,DESAFIO CENTRO EDUCACIONAL
35287246,DESCALVADO COLEGIO UNIDADE I
35199618,DI BIAGI COLEGIO
35170409,DIADEMA CENTRO EDUCACIONAL DE
35140934,DIADEMA COLEGIO INTEGRADO
35463085,DIALOGO ESCOLA DE ENSINO MEDIO
35159918,DIMENSAO CRIANCA E CIA COLEGIO
35161792,DIMENSAO CURSO E COLEGIO DE E FUND E MEDIO
35169584,DIMENSAO ESCOLA TECNICA
35143479,DINAMICA COLEGIO DE NOVA GRANADA
35004980,DINAMICA ESCOLA DE EDUCACAO INFANTIL E ENSINO FUNDAMENTAL
35123389,DINAMICA ESCOLA EDUCACAO BASICA DE VOTUPORANGA
33118663,DINAMICO CENTRO DE ENSINO
35288019,DINAMICO COLEGIO
35137169,DINAMICO COLEGIO EIFM
35813916,DINAMICO DE GUARACAI COLEGIO
35124148,DINAMICO INSTITUTO EDUCACIONAL
35121563,DIOCESANO PAULO VI COLEGIO
35113207,DIVINO SALVADOR COLEGIO
35172959,DIVINO SALVADOR COLEGIO ITU
35143273,DOCTUS COLEGIO UNIDADE II
35185474,DOCTUS COLEGIO UNIDADE III
42134846,DOM BOSCO - ESCOLA INTELIGENTE
41137574,DOM BOSCO - UNIDADE SAO JOSE DOS PINHAIS
35169328,DOM BOSCO COLEGIO
35367734,DOM BOSCO COLEGIO UNID III
35800077,DOM BOSCO DE ITAPETININGA COLEGIO
42158818,DOM BOSCO PREMIUM
35439642,DOM BOSCO SANTO ANDRE UNIDADE III COLEGIO
35314785,DOM BOSCO UNIDADE II COLEGIO
35161287,DOM FELIPE COLEGIO
35464636,DOM HENRIQUE COLEGIO
35008763,DOM HENRIQUE KM 18 COLEGIO
29467950,DOM JEQUIE
35124503,DOM MACARIO SCHMITT COLEGIO
35161895,DOM PEDRO COLEGIO
35808349,DOM PEDRO I COLEGIO
35112124,DOM PEDRO II COLEGIO
42118255,DOM SISTEMA EDUCACIONAL
35118758,DOMINANTE COLEGIO
35137583,DOMINIQUE COLEGIO
35165050,DOMINIUS COLEGIO
35141264,DOMINUS VIVENDI COLEGIO EIFM
35384793,DOMUS COLEGIO
35509516,DOMUS MARIAE CENTRO EDUCACIONAL
35179103,DOMUS SAPIENS COLEGIO UNIDADE I
35432994,DOMUS SAPIENS COLEGIO UNIDADE II
35115307,DOMUS VIVENDI COLEGIO
35119192,DOURADO COLEGIO
29459230,DP - TREINAMENTO E SERVICOS EDUCACIONAIS EIRELI
35464259,DRUMMOND COLEGIO
35141392,DRUMMOND COLEGIO
35119817,DRUMMOND COLEGIO
42163021,DUAL INTERNATIONAL SCHOOL
23252499,DUQUE DE CAXIAS COLEGIO
35289863,DUTRA EDUCACIONAL LTDA
35158690,DUX COLEGIO E CURSOS LTDA
41163656,DYNAMICO CEF M
41384750,DYNAMICO CEF M
41162269,E ADVENTISTA AFONSO PENA EI EF
24067520,E BATISTA CARLOS MATHEUS
15577740,E E F M ALVORADA
15560929,E E I E F E MEDIO ARTE DE EDUCAR DE JACUNDA
15156974,E E I E FM VIDA E SABER
15581047,E EDUC BASICA COLEGIO PARAENSE
15134504,E P E I F M D PEDRO II
15127567,E PART E I F M DISNEYLANDIA
15066886,E PART E I F M INST NSRA DOS ANJOS
35140314,EAG EAG COLEGIO TECNICO
35185673,EBASA ESCOLA DE ENSINO FUNDAMENTAL
35569227,EBENEZER CENTRO EDUCACIONAL
21144028,EC STA MARIA BERTILLA
23068140,ECA DE QUEIROS COLEGIO
53015010,ECB ESCOLA CANADENSE DE BRASILIA SUDOESTE
26182076,ECCOPRIME ESCOLA DE ENSINO INFANTIL E FUNDAMENTAL
41042891,ECEL DE BANDEIRANTESC EI EF M
35132329,ECO COLEGIO
24087017,ECO REDE DE ENSINO
33171637,EDC - ESCOLA DELMIRO CABRAL LTDA
33085854,EDEL - ESC DINAMICA DE ED E LAZER
33064024,EDEM
33084319,EDES - EDUCANDARIO EDITH DOS SANTOS
35135203,EDUARDO GOMES COLEGIO
35159943,EDUARDO LANE COLEGIO PRESBITERIANO ASSOCIACAO BETHEL
31278815,EDUC SAO FRANCISCO DE ASSIS
41078870,EDUCACAO ATIVA CEI EF M
41384113,EDUCACIONAL BIODIVERSIDADE
35165141,EDUCACIONAL DE VIRADOURO COLEGIO
21470200,EDUCANDARIO AGAPE
25102524,EDUCANDARIO AMERICO MESQUITA
26150387,EDUCANDARIO ANTONIO BURGOS
22106954,EDUCANDARIO BONUS LTDA
31157953,EDUCANDARIO CARLOS DRUMMOND DE ANDRADE
31254118,EDUCANDARIO CECILIA MEIRELES
33098840,EDUCANDARIO CECILIA PINHEIRO
17056152,EDUCANDARIO DE ARAGUAINA
26163454,EDUCANDARIO DIVINA PROVIDENCIA
29345006,EDUCANDARIO DIVINO MESTRE
35153084,EDUCANDARIO DOS ANJOS
29183464,EDUCANDARIO EUGENIO NABUCO
52023400,EDUCANDARIO EVANGELICO EIRELI
23070153,EDUCANDARIO FELIPE DOS SANTOS
29452589,EDUCANDARIO GABRIEL ARCANJO
26171414,EDUCANDARIO JARDIM PIEDADE
33103992,EDUCANDARIO JECSA
25001817,EDUCANDARIO JOAO AGRIPINO FILHO
33139440,EDUCANDARIO LUZ DO SABER LTDA
29469287,EDUCANDARIO MARIANO
29130620,EDUCANDARIO MENDESRIOS
26143178,EDUCANDARIO MENEZES
33102830,EDUCANDARIO MIOSOTIS
52100774,EDUCANDARIO NASCENTES DO ARAGUAIA
29455430,EDUCANDARIO NOSSA SENHORA APARECIDA
23040408,EDUCANDARIO NOSSA SENHORA DOS REMEDIOS
29055431,EDUCANDARIO NOSSA SRA DO SS SACRAMENTO
29482445,EDUCANDARIO NS DAJUDA LTDA - LAND
27213714,EDUCANDARIO OLIMPIA AUGUSTA DOS SANTOS
26234610,EDUCANDARIO PAULO FREIRE
29642612,EDUCANDARIO PEDACINHO DO CEU
25303937,EDUCANDARIO PEDRO CARDOSO
35007387,EDUCANDARIO SAINT MARTIN
29381452,EDUCANDARIO SANT ANA
42033802,EDUCANDARIO SANTA ISABEL
22023658,EDUCANDARIO SANTA MARIA GORETTI
25264923,EDUCANDARIO SANTO ANTONIO
26174200,EDUCANDARIO SANTOS DUMONT
26107503,EDUCANDARIO SAO JUDAS TADEU
29465940,EDUCANDARIO SOCIAL IPIRAENSE
35308833,EDUCAR COLEGIO
23462450,EDUCAR COLEGIO
25128957,EDUCAR COLEGIO E CURSO
33132089,EDUCAR COOP EDUC DE ANGRA DOS REIS
35136098,EDUCAR INSTITUTO EDUCACIONAL
35250892,EDUCARE CENTRO DE ENSINO
35300469,EDUCARE COLEGIO
35140910,EDUCARE COLEGIO
35159505,EDUCARE DE ITAPOLIS COLEGIO
35185334,EDUCARE DE PIRATININGA COLEGIO
35193938,EDUCARTE CENTRO EDUCACIONAL E CULTURAL
35451150,EDUCARTE COLEGIO ENSINO MEDIO
35123808,EDUCATIVA CENTRO EDUCACIONAL
35125441,EDUCATIVA INSTITUTO DE EDUCACAO E CULTURA
35263072,EDUQ COMPLEXO EDUCACIONAL
35254859,EDUVALE COLEGIO
51029332,EEB PADRE JOSE DE ANCHIETA
42088836,EEB TEMPO FELIZ
43180817,EEF SANTA ISABEL
32081502,EEFM AZEREDO BOTELHO
35800387,EEI PINGO DE MEL E ENSINO FUNDAMENTAL COLEGIO LADS
15572900,EEIEFM COLEGIO INOVAR DE JACUNDA
25117769,EEIF GRAO DE MOSTARDA LTDA
43051430,EEM STYLLUS EJA EAD
43295258,EEM VIAMOPOLIS
43011993,EEP SENAC SAO LEOPOLDO
41147014,EFETIVO COLEGIO EDUCACAO INFANTIL E ENS FUND E MEDIO
35186429,EINSTEIN COLEGIO
35134417,EINSTEIN DE ENSINO ORGANIZACAO
22141154,EINSTEIN SISTEMA DE ENSINO - UNIDADE I
24085081,EJAX - ENSINO DE JOVENS E ADULTOS TEREZA DE LISIEUX
35136759,EL SHADAI CENTRO EDUCACIONAL
35123560,EL SHADAI COLEGIO
35131787,ELITE COLEGIO DE EIFM
41390024,ELITE CURITIBA EMILIANO PERNETA
50029150,ELITE DOURADOS
15173402,ELITE EDUCAR
31374180,ELITE FLORESTA - BH
33060355,ELITE IGUACUANO
27049140,ELITE INTEGRAL LTDA
33193649,ELITE IRAJA
50018337,ELITE PONTA PORA
35100493,ELITE REDE DE ENSINO
35123511,ELITE REDE DE ENSINO
35158999,ELITE REDE DE ENSINO
35810630,ELITE REDE DE ENSINO
33195978,ELITE REDE DE ENSINO - ITAGUAI
33195757,ELITE REDE DE ENSINO BONSUCESSO
35153795,ELITE REDE DE ENSINO EDUCACAO INFANTIL E ENSINO FUNDAMENTAL
33193720,ELITE REDE DE ENSINO UNIDADE GUADALUPE
35125817,ELITE REDE DE ENSINO UNIDADE II
41157907,ELITE SJP AMBIENTAL
35139270,ELITE TABOAO DA SERRA COLEGIO
41569938,ELITE TALES DE MILETO EI EF M
33184844,ELITE TRES RIOS
41007883,ELITE UMUARAMA
35142694,ELO EDUCACIONAL
41354540,ELO FORMACAO INTEGRAL CEF M
25098306,ELOHIM COLEGIO E CURSO
35184949,ELSHADAY COLEGIO
35107700,ELVIRA BRANDAO COLEGIO
35199710,ELVIRA LINARES COLEGIO
35126895,ELYTE INSTITUTO EDUCACIONAL
25102197,ELZIMAR OLIVEIRA FERNANDES ME
35480617,EMBRAER COLEGIO CASIMIRO MONTENEGRO FILHO
35805555,EMBRAER JUAREZ WANDERLEY COLEGIO
35103123,EMECE INTERNACIONAL COLEGIO
41059999,EMILIA ERICHSEN CEF M
35120029,EMILIA FERREIRO COLEGIO
35177015,EMILIO DE ROUSSEAU COLEGIO
35288032,EMILIO RIBAS COLEGIO DE ENSINO MEDIO
29191432,EMPRE DINAMICO DE EDUC MONTESSORIANO LTDA
29183790,EMPREENDIMENTOS EDUCACIONAIS SENHORA DE GUADALUPE
50000357,ENAM - ESCOLA NEUSA ASSAD MALTA
15584062,ENGELS
35108224,ENIAC COLEGIO DE INFORMATICA
21199274,ENSINO MEDIO INVICTUS - CALHAU
33160180,ENSINO MEDIO MONTEIRO LOBATO LTDA
33175691,EPA - ESPACO PADUANO DE APRENDIZAGEM
29433380,EPG - ESTABELECIMENTO PARTICULAR DE ENSINO LTDA
32039140,EPG JOSE BONIFACIO
32039832,EPG SAO CAMILO
35125787,EPISTEME COLEGIO
35295978,EQUILIBRIUM COLEGIO
33180580,EQUIPE A COLEGIO E CURSOS PREPARATORIOS
33200378,EQUIPE CEJA DE ENSINO LTDA
35103445,EQUIPE COLEGIO
31324485,ESA ESC SOUZA ALVES
35439927,ESA INSTITUTO EDUCACIONAL
31235725,ESC ANA BUENO
12022969,ESC ASSOCIACAO MODELAR DE ENSINO A M E
53014405,ESC ATUAL
33085846,ESC BRETANHA JD INFANCIA TIO CARECA
33115273,ESC BRITO ELIAS
21156280,ESC CASTRO ALVES E JI MORANGUINHO
12010936,ESC CENTRO EDUCACIONAL E CULTURAL - META
12012904,ESC CENTRO EDUCACIONAL MARILIA SANTANA - ESCOLA SESI
53000226,ESC CETEB DE JOVENS E ADULTOS
31266582,ESC COOP DE ENSINO DE BAMBUI
31242918,ESC COOP EDUC TEOFILO OTONI
31180572,ESC CORACAO DE JESUS
29321387,ESC CRESCER
25051792,ESC CRIATIVA DA MONICA
31245968,ESC CRIATIVA IDADE S EDUCACIONAL
21089981,ESC CRISTA EBENEZER
53009541,ESC DAS NACOES
43107397,ESC DE EDUC BASICA DON LUIS GUANELLA
43101127,ESC DE ENS MEDIO IMACULADA CONCEICAO
43181694,ESC DE ENS MEDIO UNIVER CACH EDUC JOVENS ADULT
12030058,ESC DE ENSINO MEDIO E TECNICO PLACIDO DE CASTRO
25020846,ESC DIONISIO MARQUES DE ALMEIDA
15542858,ESC DOM ANGELO FROZI SC LTDA
31114774,ESC DOM ELIZEU VAN DE WEIJER
43000452,ESC ENS MEDIO CESI ZONA SUL
43100260,ESC ENS MEDIO ERICO VERISSIMO
43180736,ESC ENS MEDIO INTERATIVA FLORES DA CUNHA
33043086,ESC GEORGE MARCH LTDA
12033545,ESC INSTITUTO AGUIAS DO SABER
14001055,ESC INSTITUTO BATISTA DE RORAIMA
12001686,ESC INSTITUTO SANTA TERESINHA
31280071,ESC INTERATIVA
31210358,ESC JANAUBENSE
53011902,ESC JARDIM DO EDEN
53013298,ESC MASTER II
53013220,ESC MOARA
25106546,ESC NOSSA SENHORA DA CONCEICAO LTDA
29256720,ESC NOSSA SRA DE FATIMA
33018626,ESC NS DA APARECIDA
31331511,ESC PALOMAR PIAGETIANA
31274348,ESC PARTICULAR INTERACAO
33085269,ESC SANTA ISABEL
21013748,ESC SAO JOSE
53020057,ESC SEB AZ BRASILIA
26055406,ESC SNTª MARIA DOS ANJOS CASA DA CRIANCA
33083533,ESC STA BARBARA FILIAL 2
33083541,ESC STA BARBARA LTDA
31158143,ESC STO AGOSTINHO
33103364,ESC TECNICA 3 D
31310808,ESC ULTRA DE ENS MEDIO E PROFIS
33049416,ESC VENANCIO PEREIRA VELLOSO
33103283,ESC VIVA VERDE LTDA
31279978,ESC YOLANDA FERREIRA FRANCO
41382706,ESCOLA ADVENTISTA ARAUCARIA - EIEF
51038919,ESCOLA ADVENTISTA CENTRO AMERICA
26489716,ESCOLA ADVENTISTA DE SAN MARTIN
32010400,ESCOLA ADVENTISTA DO ESPIRITO SANTO
51140802,ESCOLA ADVENTISTA NATALIA DE PAULA ARRUDA
52141209,ESCOLA AGAPE
31200239,ESCOLA AGROTECNICA SERGIO DE FREITAS PACHECO
33064032,ESCOLA ALEMA CORCOVADO - EXPERIMENTAL
32018134,ESCOLA ALTERNATIVA LAGO DOS CISNES
32082193,ESCOLA AMERICA DE VITORIA
32082797,ESCOLA AMERICANA DE VITORIA
33162603,ESCOLA AMPLA - UNIDADE PILARES
26132028,ESCOLA ANA NERY SC LTDA
26116499,ESCOLA ANITA GONCALVES
52104923,ESCOLA ARCO IRIS E COLEGIO RAZAO UNIDADE 1
21092842,ESCOLA ARTE DE EDUCAR E CEB
31309966,ESCOLA ATHENAS
24073938,ESCOLA ATIVA
24087181,ESCOLA ATIVA REDE DE ENSINO
42112796,ESCOLA AUTONOMIA
51068931,ESCOLA AVANCE
29446767,ESCOLA BAHIANA DE CIENCIA E TECNOLOGIA
31006491,ESCOLA BALAO VERMELHO
21257523,ESCOLA BATISTA
32063563,ESCOLA BATISTA BRASIL DE VILA VELHA
31254363,ESCOLA BATISTA DE ACESITA - EBA - UNIDADE I
26153084,ESCOLA BENFICA
41076311,ESCOLA BETTA EDINFANTIL E ENFUNDAMENTAL LTDA- ME
35107542,ESCOLA BILINGUE PUERI DOMUS UNIDADE I VERBO DIVINO
52086690,ESCOLA BIOCLASS TURMA DA MONICA
24080837,ESCOLA BOA IDEIA
33151369,ESCOLA BOM JESUS MENINO JESUS
33191956,ESCOLA BRITANICA - THE BRITISH SCHOOL RIO DE JANEIRO - OSORIO
33148384,ESCOLA BRITANICA THE BRITISH SCHOOL RIO DE JANEIRO BARRA
52072584,ESCOLA CAMINHO CERTO LTDA
50011316,ESCOLA CAMINHO LTDA EPP
33027404,ESCOLA CANTO DOS PASSAROS
35130217,ESCOLA CARANDA VIVA VIDA
29279011,ESCOLA CARDOSO E ALBUQUERQUE
33173931,ESCOLA CAROLINA PATRICIO - UNIDADE GOLFE OLIMPICO
51027267,ESCOLA CARROSSEL
32019688,ESCOLA CASA DO ESTUDANTE
29094046,ESCOLA CASTRO ALVES SC LTDA
29041651,ESCOLA CECILIA MEIRELES
13092308,ESCOLA CELUS LTDA
51014211,ESCOLA CENECISTA HILDA STRENGER RIBEIRO
26162083,ESCOLA CEU AZUL
22025383,ESCOLA CIDADAO CIDADA
32068336,ESCOLA COBE - COLEGIO BRASILEIRO DE EXCELENCIA - UNIDADE VILA VELHA
21092869,ESCOLA COELHO NETO
12031682,ESCOLA COLEGIO SIGMA
29473128,ESCOLA CONCEPT
35004304,ESCOLA CONCEPT
26069300,ESCOLA CONEGO FERNANDO PASSOS
16003128,ESCOLA CONEXAO AQUARELA
22023798,ESCOLA CONSELHEIRO SARAIVA
51039087,ESCOLA COOPERAR - ESCOLA DE EDUCACAO BASICA
31292451,ESCOLA COOPERATIVA DE ENSINO E INTEGRACAO - ECEI
29171016,ESCOLA COOPERATIVA DE SANTO AMARO
29064104,ESCOLA COOPERATIVISTA DE IRECE
51087715,ESCOLA COOPERCAMP
22141472,ESCOLA CRESCER
32040210,ESCOLA CRESCER
31310107,ESCOLA CRESCER
21195534,ESCOLA CRESCIMENTO
29393248,ESCOLA CRESCIMENTO LTDA
29222982,ESCOLA CRIACAO
33118736,ESCOLA CRIAR
29400340,ESCOLA CRIATIVA
26184419,ESCOLA CRIATIVA INFORMATICA
27218279,ESCOLA CRISTO REI
42110980,ESCOLA DA ILHA
31320404,ESCOLA DA SERRA
35142736,ESCOLA DA VILA VILA DAS INFANCIAS
32081073,ESCOLA DARWIN ARACRUZ
26147505,ESCOLA DE APLICACAO DA AMEC
29390540,ESCOLA DE APLICACAO DOM BOSCO
27219631,ESCOLA DE EDUCACAO BASICA 21 DE ABRIL
27040917,ESCOLA DE EDUCACAO BASICA AGNUS DEI
15084620,ESCOLA DE EDUCACAO BASICA AGROPALMA
43214045,ESCOLA DE EDUCACAO BASICA ASES
51069997,ESCOLA DE EDUCACAO BASICA CATHEDRAL
15152120,ESCOLA DE EDUCACAO BASICA CENTRO EDUCACIONAL ANCHIETA
27044025,ESCOLA DE EDUCACAO BASICA CONSTRUTIVISTA
15569764,ESCOLA DE EDUCACAO BASICA CRESCER LTDA - ME
27224392,ESCOLA DE EDUCACAO BASICA DE CORURIPE
35802013,ESCOLA DE EDUCACAO BASICA E FORMACAO PROFISSIONAL SAO FRANCISCO DE ASSIS COLEGIO OCEU
43202500,ESCOLA DE EDUCACAO BASICA IDEAU - SANTA CLARA
27230619,ESCOLA DE EDUCACAO BASICA JOAO PAULO II
15586413,ESCOLA DE EDUCACAO BASICA MARECHAL RONDON
27324028,ESCOLA DE EDUCACAO BASICA MARIA JOSE OMENA
28010124,ESCOLA DE EDUCACAO BASICA MONSENHOR JOSE DE SOUZA SANTOS
27046907,ESCOLA DE EDUCACAO BASICA NOVA VIDA
27223361,ESCOLA DE EDUCACAO BASICA PADRAO
27222802,ESCOLA DE EDUCACAO BASICA PADRE JOSE DE ANCHIETA
27048225,ESCOLA DE EDUCACAO BASICA PARAISO DAS AGUAS LTDA
27285006,ESCOLA DE EDUCACAO BASICA ROMMEL VIEIRA
27016315,ESCOLA DE EDUCACAO BASICA SANTA CATARINA
27230430,ESCOLA DE EDUCACAO BASICA SANTA MADALENA
27320022,ESCOLA DE EDUCACAO BASICA SAO THIAGO
51094215,ESCOLA DE EDUCACAO BASICA SESC ESCOLA
27234606,ESCOLA DE EDUCACAO BASICA VIRGEM DOS POBRES
15565653,ESCOLA DE EDUCACAO BASICA ZAIRA MACIEL
35153345,ESCOLA DE ENSINO BASICO INTERACAO
23142472,ESCOLA DE ENSINO BASICO JOAO BATISTA CAMPOS
35004821,ESCOLA DE ENSINO FUNDAMENTAL E MEDIO COLEGIO 15 DE NOVEMBRO
28085400,ESCOLA DE ENSINO FUNDAMENTAL E MEDIO JOAO BATISTA DA ROCHA
15579131,ESCOLA DE ENSINO FUNDAMENTAL E MEDIO NIKKEI DE TOME-ACU
43173217,ESCOLA DE ENSINO FUNDAMENTAL E MEDIO SANTA MONICA
27215083,ESCOLA DE ENSINO FUNDAMENTAL SANTA CLARA DE ASSIS
15584801,ESCOLA DE ENSINO INFANTIL FUNDAMENTAL E MEDIO PRESIDENTE TANCREDO NEVES LTDA ME-ME
43205542,ESCOLA DE ENSINO MEDIO CAMINHO
43062385,ESCOLA DE ENSINO MEDIO CAPITAL DO SABER
35152894,ESCOLA DE ENSINO MEDIO CARLOS CHAGAS FILHO
43180698,ESCOLA DE ENSINO MEDIO DORA DIMER
43081924,ESCOLA DE ENSINO MEDIO DUQUE DE CAXIAS - CECLEA
43012043,ESCOLA DE ENSINO MEDIO E TECNICO SENAC SANTA CRUZ
42154090,ESCOLA DE ENSINO MEDIO ESTIMOARTE LTDA EPP
43008895,ESCOLA DE ENSINO MEDIO IMPULSO AO SABER
43052860,ESCOLA DE ENSINO MEDIO NOSSA SENHORA DO HORTO
43173845,ESCOLA DE ENSINO MEDIO RIACHUELO
43183034,ESCOLA DE ENSINO MEDIO SALVADOR JESUS CRISTO
43206646,ESCOLA DE ENSINO MEDIO SESI ERALDO GIACOBBE PELOTAS
15174484,ESCOLA DE ENSINO MEDIO SM TEENS
43175546,ESCOLA DE ENSINO MEDIO UNIVERSITARIO - PORTO ALEGRE
43172393,ESCOLA DE ENSINO MEDIO VINICIUS DE MORAIS
31267627,ESCOLA DE FORMACAO GERENCIAL
31276413,ESCOLA DE FORMACAO GERENCIAL NOVA LIMA METODOLOGIA SEBRAE
35134351,ESCOLA DE GRAU EM GRAU EI EF E EM
35007181,ESCOLA DE HUMANIDADES JOAO FILGUEIRAS LIMA FABRICA
31231916,ESCOLA DEGRAUS DE EDUCACAO INFATIL ENSINO FUNDAMENTAL E MEDIO
26148625,ESCOLA DINAMICA
42000793,ESCOLA DINAMICA
31261980,ESCOLA DINAMICA DE ENSINO FUNDAMENTAL E MEDIO DE ITURAMAMG
33100705,ESCOLA DINAMIS LTDA
27036510,ESCOLA DIOGENES JUCA BERNARDES
21090009,ESCOLA DIVINO MESTRE
33038716,ESCOLA DO CENTRO DE ESTUDOS E PESQ EDUCACIONAIS
31294357,ESCOLA DO FUTURO
31244023,ESCOLA DO SEBRAE
50032941,ESCOLA DO SESI APARECIDA DO TABOADO
50026429,ESCOLA DO SESI CAMPO GRANDE
50012320,ESCOLA DO SESI TRES LAGOAS
52031713,ESCOLA DOCE MEL
22025391,ESCOLA DOM BOSCO
33124523,ESCOLA DOM BOSCO NOVA IGUACU LTDA
24057444,ESCOLA DOM MARCOLINO DANTAS
29398053,ESCOLA DOM PEDRO II
52106624,ESCOLA DRUMMOND ENSINO E DESENVOLVIMENTO
29349893,ESCOLA DURVAL LIBANIO DA SILVA
31193216,ESCOLA EDUCACAO CRIATIVA
31365874,ESCOLA EDUCAR - ENSINO MEDIO
33183830,ESCOLA ELEVA
33196249,ESCOLA ELEVA - URCA
33098352,ESCOLA EP DE BARRA LTDA ME
27371018,ESCOLA ESPECIALIZADA SAO JOSE
35010002,ESCOLA ESTACAO FINAL COC UNIDADE PLAZA
50030892,ESCOLA EVANGELICA AVIVAMENTO BIBLICO
13084500,ESCOLA EVANGELICA BETEL
29456541,ESCOLA FAMILIA BATISTA
31369748,ESCOLA FOCH EIRELI - ME
32071957,ESCOLA FUNDACAO DEOLINDO PERIM
51067641,ESCOLA FUTURO - FORMACAO PROFISSIONAL
31275549,ESCOLA GATO DE BOTAS-DRUMMOND
29448808,ESCOLA GENESIS DE STELLA MARIS
50014803,ESCOLA GIRASSOL
29031117,ESCOLA GIRASSOL DE REMANSO
32053070,ESCOLA GUIMARAES ROSA LTDA
21078319,ESCOLA HORAS ALEGRES
13107380,ESCOLA IDAAM - UNIDADE TORQUATO TAPAJOS
21284598,ESCOLA INFANTIL ESPACO EDUCAR
53010426,ESCOLA INFINITESIMAL LTDA
29104149,ESCOLA INSTITUTO EDUC DE ITATIM LTDA
26173441,ESCOLA INTEGRACAO
22015299,ESCOLA INTEGRADA DEPUTADO MORAES SOUZA
29442770,ESCOLA INTELECTUS
35805973,ESCOLA INTERNACIONAL
25306936,ESCOLA INTERNACIONAL CIDADE VIVA
50030094,ESCOLA IOLANDA TONIAZZO PETRY
25018388,ESCOLA JOSE DE PAIVA GADELHA SESI
50028707,ESCOLA JUNIOR
43214835,ESCOLA KYRIOS DE ENSINO FUNDAMENTAL E DE ENSINO MEDIO
31022811,ESCOLA LIBER
33223203,ESCOLA LICENCIADA AZ MEIER
26186217,ESCOLA LITERATO
51056496,ESCOLA LIVRE PORTO CUIABA
35006160,ESCOLA LUMINOVA
24090115,ESCOLA LUMINOVA
35006165,ESCOLA LUMINOVA
35007851,ESCOLA LUMINOVA INTERLAGOS
35006111,ESCOLA LUMINOVA UNIDADE BOM RETIRO
43013880,ESCOLA LUTERANA SAO MARCOS DE EDUCACAO BASICA
29454980,ESCOLA LUZ DIVINA
27224210,ESCOLA MACHADO DE ASSIS
31170208,ESCOLA MACHADO DE ASSIS
32083882,ESCOLA MADAN
15563448,ESCOLA MADRE CELESTE
50018663,ESCOLA MAGSUL
35008950,ESCOLA MAIS EDUCACAO SA
35009839,ESCOLA MAIS UNIDADE IPIRANGA
53011872,ESCOLA MAPLE BEAR BRASILIA
50018671,ESCOLA MAPPE - MODERNA ASSOCIACAO PONTAPORANENSE DE ENSINO
32070594,ESCOLA MASTER
33065594,ESCOLA MATER
21137005,ESCOLA MENINO JESUS
33150761,ESCOLA MENINO JESUS
16007794,ESCOLA META
24077259,ESCOLA MODELO
31296261,ESCOLA MODELO
23143150,ESCOLA MODELO DE IGUATU
23275448,ESCOLA MODERNA WILLIAM CARTESIUS
29297664,ESCOLA MONTEIRO LOBATO
11038578,ESCOLA MONTEIRO LOBATO
26014688,ESCOLA MONTEIRO LOBATO
29279240,ESCOLA MONTEIRO LOBATO
29427924,ESCOLA MONTEIRO LOBATO -UNIDADE 2
29353556,ESCOLA MONTEIRO LOBATO SC LTDA
29389992,ESCOLA MONTESSORI
35004094,ESCOLA MONTESSORIANA DE OSASCO
29165610,ESCOLA MONTESSORIANA MORANGUINHO
21188793,ESCOLA MORANGUINHO
32036671,ESCOLA MULTIPLA
29223091,ESCOLA MUNDO ENCANTADO
13110314,ESCOLA NILTON LINS
23274123,ESCOLA NORMAL RURAL DE LIMOEIRO
50065807,ESCOLA NOSSA SENHORA APARECIDA
28035402,ESCOLA NOSSA SENHORA DA CONCEICAO
26138611,ESCOLA NOSSA SENHORA DA CONCEICAO
29396174,ESCOLA NOSSA SENHORA DA LUZ
27215474,ESCOLA NOSSA SENHORA DE FATIMA
33018634,ESCOLA NOSSA SENHORA DE FATIMA
31213721,ESCOLA NOSSA SENHORA DO CARMO
26172321,ESCOLA NOSSO AMIGUINHO
21519676,ESCOLA NOSSO MUNDO
33196222,ESCOLA NOVA BY SWISS INTERNATIONAL SCHOOL
51162806,ESCOLA NOVA DINAMICA DE EDUCACAO BASICA
26021870,ESCOLA NOVA GERACAO
35008727,ESCOLA NOVA LOURENCO CASTANHO
35126718,ESCOLA NOVA LOURENCO UNIDADE IV
51093073,ESCOLA NOVA PEDAGOGIA
31105970,ESCOLA NOVAERENSE DE ENSINO FUNDAMENTAL E MEDIO
32083386,ESCOLA NOVO MILENIO
24000922,ESCOLA NOVO MUNDO LTDA
21141908,ESCOLA O PEQUENO PRINCIPE
31276006,ESCOLA OFFICINA DO SABER
33120846,ESCOLA OGA MITA
31310174,ESCOLA PADRAO DE EDUCACAO INFANTIL ENSINO FUNDAMENTAL E ENSINO MEDIO
50070800,ESCOLA PADRAO LTDA
33078394,ESCOLA PADRE BUTINHA
29279577,ESCOLA PADRE CICERO
33065837,ESCOLA PARQUE
33148376,ESCOLA PARQUE - BARRA
31158101,ESCOLA PARTICULAR PEQUENO PRINCIPE
31373451,ESCOLA PARTICULAR RENASCER
15173429,ESCOLA PHYSICS PLENO
29171288,ESCOLA PINGO DE OURO
52080722,ESCOLA PINGUINHO DE GENTE
15172600,ESCOLA PITAGORAS
31006998,ESCOLA POLITECNICA DE MINAS GERAIS POLIMIG- UNIDADE LAGOINHA
21455201,ESCOLA PORTAL DO SABER
35576591,ESCOLA PRESBITERIANA AEJA MACKENZIE
29064775,ESCOLA PRESBITERIANA DE CANAL
26148528,ESCOLA PRIMEIRO MUN DE APRENDIZAGEM
52037851,ESCOLA PROFA YOLANDA
31378097,ESCOLA PROFESSOR JAYME DE SOUZA MARTINS - UNIDADE II
15004716,ESCOLA PROFESSOR JONATHAS PONTES ATHIAS
26012316,ESCOLA PROFESSOR PAULO FREIRE
29043476,ESCOLA PROMOVE
35164948,ESCOLA QUARUP EDUCACAO BASICA LTDA
29339138,ESCOLA QUE MIMO
35175791,ESCOLA QUINTALZINHONIBAPI
21239843,ESCOLA RAIO DE SOL
50027689,ESCOLA RECANTO
21281351,ESCOLA RECANTO DO SABER LTDA
35006326,ESCOLA RECRIARTE
29116554,ESCOLA REINO DA ALEGRIA
21265240,ESCOLA REINO DO SABER
21273588,ESCOLA RENASCER KIDS - COLEGIO PRASSI
52048977,ESCOLA RIO BRANCO LTDA
31235776,ESCOLA ROCHEL DE EDUCACAO INFANTIL ENSINO FUNDAMENTAL E ENSINO MEDIO
33098735,ESCOLA ROGELMA A F M MELLO
33191662,ESCOLA RUTH BEZERRA DONATO
33183031,ESCOLA SA PEREIRA
29297699,ESCOLA SAGRADA FAMILIA
35006977,ESCOLA SAINT MARY S SCHOOL
32038720,ESCOLA SANTA ADAME
22025448,ESCOLA SANTA ANGELICA LTDA
27025071,ESCOLA SANTA BARBARA
32086008,ESCOLA SANTA CATARINA
33104476,ESCOLA SANTA CLARA DE TRES RIOS
26091852,ESCOLA SANTA MARIA
26169886,ESCOLA SANTA RITA DE CASSIA
26189020,ESCOLA SANTA TEREZINHA
26064111,ESCOLA SANTO ANTONIO
32041152,ESCOLA SAO DOMINGOS
31268321,ESCOLA SAO JOAO
21200157,ESCOLA SAO JOAO BATISTA
26120208,ESCOLA SAO JORGE
22136800,ESCOLA SAO JOSE DE RIBAMAR
29426863,ESCOLA SAO LUIS
33189838,ESCOLA SAP EDUCACAO POR PROJETOS
35141434,ESCOLA SEB THATHI
35290804,ESCOLA SEB UNIDADE ALVARES CABRAL
35504324,ESCOLA SEB UNIDADE DE RIO PRETO
35132925,ESCOLA SEB UNIDADE LAFAIETE
31007153,ESCOLA SEB UNIDADE SERRA
31309711,ESCOLA SEB UNIMASTER
25090852,ESCOLA SENHOR DO BONFIM
29466733,ESCOLA SESC NAZARE ZILDA ARNS
31244163,ESCOLA SESI ABILIO RODRIGUES PATTO
21090270,ESCOLA SESI ACAILANDIA
31278084,ESCOLA SESI ALBERTO MARTINS FONTOURA BORGES
35102428,ESCOLA SESI ALEXANDRE RIBEIRO MEYER PFLUG
31368954,ESCOLA SESI ALOYSIO RIBEIRO DE ALMEIDA UNIDADE I
15205401,ESCOLA SESI ALTAMIRA
31014168,ESCOLA SESI ALVIMAR CARNEIRO DE REZENDE
15169928,ESCOLA SESI ANANINDEUA
31345857,ESCOLA SESI ANTONIO QUIRINO DA COSTA
35124597,ESCOLA SESI ANTONIO SCALON
52096904,ESCOLA SESI APARECIDA
21099138,ESCOLA SESI BACABAL
33112487,ESCOLA SESI BARRA DO PIRAI
33113009,ESCOLA SESI BARRA MANSA
15108023,ESCOLA SESI BELEM
33191611,ESCOLA SESI BENFICA
31014231,ESCOLA SESI BENJAMIN GUIMARAES
31365114,ESCOLA SESI BETIM MARIA MADALENA NOGUEIRA
35108443,ESCOLA SESI BETTY VAIDERGORN FEFFER
31379816,ESCOLA SESI BH HORTO
52034640,ESCOLA SESI CANAA
15201805,ESCOLA SESI CASTANHAL
52098532,ESCOLA SESI CATALAO
21271283,ESCOLA SESI CAXIAS
31041025,ESCOLA SESI CORONEL JOVELINO RABELO
52098818,ESCOLA SESI CRIXAS
35117092,ESCOLA SESI DARCY ZACARIAS
31313068,ESCOLA SESI DARIO GONCALVES DE SOUZA
27036030,ESCOLA SESI DE EDUCACAO BASICA INDUSTRIAL ABELARDO LOPES
43117252,ESCOLA SESI DE ENSINO MEDIO ALBINO MARQUES GOMES GRAVATAI
43128165,ESCOLA SESI DE ENSINO MEDIO HEITOR JOSE MULLER MONTENEGRO
43208681,ESCOLA SESI DE ENSINO MEDIO JOSE PEDRO FERNANDO PIOVAN SAO LEOPOLDO
33187940,ESCOLA SESI DE MACAE
33193851,ESCOLA SESI DE NOVA FRIBURGO
35006306,ESCOLA SESI DE REGISTRO
31316628,ESCOLA SESI DOLORES PERES GOMES DA SILVA
31136727,ESCOLA SESI DOM BOSCO
52098583,ESCOLA SESI DOUTOR CELSO CHARURI
31369616,ESCOLA SESI DR CELSO CHARURI
35114704,ESCOLA SESI DR ORLANDO OMETTO
13025139,ESCOLA SESI DRA EMINA BARBOSA MUSTAFA
13025228,ESCOLA SESI DRA EMINA BARBOSA MUSTUFA
31005185,ESCOLA SESI EMILIA MASSANTI
23069791,ESCOLA SESI EUZEBIO MOTA DE ALENCAR
35117456,ESCOLA SESI FLAVIO APARECIDO PERES
33195277,ESCOLA SESI FRIMODA
31246450,ESCOLA SESI GENERAL ONESIMO BECKER DE ARAUJO
31170321,ESCOLA SESI GUIOMAR DE FREITAS COSTA
35152785,ESCOLA SESI HAGOP GUEREKMEZIAN
31004596,ESCOLA SESI HAMLETO MAGNAVACCA
35113153,ESCOLA SESI HUMBERTO CERESER
15588866,ESCOLA SESI ICOARACI
21093130,ESCOLA SESI IMPERATRIZ
52096300,ESCOLA SESI ITUMBIARA
33170100,ESCOLA SESI JACAREPAGUA - FREGUESIA
31309796,ESCOLA SESI JOAO CARLOS GIOVANNINI
35115373,ESCOLA SESI JOAO CARLOS MARCHESAN
31268283,ESCOLA SESI JOSE ALENCAR GOMES DA SILVA
31278726,ESCOLA SESI JOSE ALENCAR GOMES DA SILVA
31322903,ESCOLA SESI JOSE BENTO NOGUEIRA JUNQUEIRA
52020886,ESCOLA SESI JUNDIAI
33192499,ESCOLA SESI LARANJEIRAS
35141124,ESCOLA SESI LUIZ CARLOS TRABUCO CAPPI
35113293,ESCOLA SESI LUIZ PERICLES MUNIZ MICHIELIN
15127230,ESCOLA SESI MARABA
33113106,ESCOLA SESI MARACANA
31279129,ESCOLA SESI MARIA JOSE DALMEIDA MELLO
35115770,ESCOLA SESI MARIA JOSE DELAZARI SILVEIRA
31005347,ESCOLA SESI MARIZA ARAUJO
29483123,ESCOLA SESI MILTON SANTOS
35108303,ESCOLA SESI MILTON SOBROSA CORDEIRO
35419667,ESCOLA SESI NASSER MARAO FILHO
31004430,ESCOLA SESI NEWTON ANTONIO DA SILVA PEREIRA
35113700,ESCOLA SESI NILTON TORRES DE BASTOS
33115303,ESCOLA SESI NOVA IGUACU
31258393,ESCOLA SESI ORLANDO CHIARINI
31379794,ESCOLA SESI OSCAR MAGALHAES FERREIRA UNIDADE II
31268259,ESCOLA SESI OTONI ALVES COSTA
15163296,ESCOLA SESI PARAGOMINAS
35113013,ESCOLA SESI PEDRO SUKADOLNIK
33114340,ESCOLA SESI PETROPOLIS
52034763,ESCOLA SESI PLANALTO
25132822,ESCOLA SESI PRATA
35112012,ESCOLA SESI RENATO KENJI NAKAYA
33125953,ESCOLA SESI RESENDE
35154271,ESCOLA SESI RIBEMONT LOPES DE FARIAS
31357081,ESCOLA SESI RINALDO CAMPOS SOARES
52098621,ESCOLA SESI RIO VERDE
31323748,ESCOLA SESI ROBSON BRAGA DE ANDRADE
35116816,ESCOLA SESI SAMIR NAKAD
15172791,ESCOLA SESI SANTA IZABEL
15011291,ESCOLA SESI SANTAREM
21016437,ESCOLA SESI SAO LUIS
33186898,ESCOLA SESI TIJUCA
35113189,ESCOLA SESI VANDERMIR FRANCESCONI JUNIOR
31348503,ESCOLA SESI VITOR VIEIRA DOS SANTOS
33191581,ESCOLA SESI VOLTA REDONDA AERO
52010139,ESCOLA SESI VOTORANTIM METAIS
35121368,ESCOLA SESI WALDEMAR VERDI JUNIOR
35112264,ESCOLA SESI WALDYR BEIRA
35114431,ESCOLA SESI WAYNER MACHADO DA SILVA
35116324,ESCOLA SESI YOLANDA C BASSITT
31247359,ESCOLA SISTEMA INTELIGENTE DE APRENDIZAGEM - COL OBJETIVO
31279277,ESCOLA SISTEMA PEDAGOGICO SEMEAR
29196302,ESCOLA SOL MAGISTER
29412633,ESCOLA SONHO MEU
26120224,ESCOLA SOUZA VERAS
35005199,ESCOLA STAGIUM
17047650,ESCOLA STELLA MARIS
33087539,ESCOLA SUICO-BRASILEIRA RIO DE JANEIRO BY SWISS INTERNATIONAL SCHOOLS
31096385,ESCOLA TECNICA ALTO MEDIO SAO FRANCISCO DE ENSINO FUNDAMENTAL E ENSINO MEDIO
43214460,ESCOLA TECNICA CANOAS - SEG
43000487,ESCOLA TECNICA CECILIA MEIRELES - SEG
32079320,ESCOLA TECNICA CEDTEC
31041181,ESCOLA TECNICA DE DIVINOPOLIS-INTEGRAL
31350885,ESCOLA TECNICA DE FORMACAO GERENCIAL - UNIFEMM
33033811,ESCOLA TECNICA PANDIA CALOGERAS
26184478,ESCOLA TECNICA PERNAMBUCANA
33170630,ESCOLA TECNICA SANDRA SILVA
43210937,ESCOLA TECNICA TOP CURSOS BRASIL
15168654,ESCOLA TECNICA VALE DOS CARAJAS
33088560,ESCOLA TECNICA VIRGINIA PATRICK
31004936,ESCOLA TECNICA VITAL BRASIL
50030132,ESCOLA TENIR LTDA
33145989,ESCOLA TERRA DOS PAPAGAIOS
29380790,ESCOLA THAIANE PINHEIRO
22003576,ESCOLA TIA ERINELDA
31351512,ESCOLA TIRADENTES
11006595,ESCOLA TOUFIA TANOUS BOUCHABKI
41137833,ESCOLA TRADICAO-EDUCACAO INFANTIL E ENSINO FUNDAMENTAL
35144381,ESCOLA UNICA UNIDADE SAO BERNARDO DO CAMPO
35004913,ESCOLA VEREDA
35007008,ESCOLA VEREDASBC
26140870,ESCOLA VILA SEZAMO
35154775,ESCOLA VILLARE
26116987,ESCOLA VIRGEM IMACULADA
16002032,ESCOLA VISCONDE DE MAUA
13081365,ESCOLAS IDAAM - UNIDADE CACHOEIRINHA
13026402,ESCOLAS IDAAM - UNIDADE DJALMA BATISTA
13108727,ESCOLAS IDAAM UNIDADE MORADA DO SOL
13313231,ESCOLAS IDAAM- UNIDADE CIDADE NOVA
13031660,ESCOLAS NILTON LINS
28024966,ESCOLINHA DENGOSO LTDA
22016562,ESCOLINHA GENIUS INFANTIL LTDA
35567929,ESCOPO COLEGIO
35117262,ESCOTECO COLEGIO
35153060,ESCREVIVENDO COLEGIO
41100921,ESICOLEGIO NOSSA SRA DE BELEMEI EF M
35342956,ESMERALDAS DE MARILIA COLEGIO
23194669,ESPACO ABERTO
35118540,ESPACO CULTURAL COLEGIO
33127875,ESPACO E VIDA DE TERESOPOLIS
35137224,ESPACO EDUCACAO BASICA COLEGIO
25107909,ESPACO EDUCACIONAL CARMELA VELOSO LTDA
35141100,ESPACO LIVRE ESCOLA DE ED INFANTIL ENS FUNDAMENTAL ENS MEDIO
35299194,ESPACO MAGICO COLEGIO
35128200,ESPACO POTENCIAL COLEGIO
35164082,ESPERANTO COLEGIO
35810095,ESQUEMA UNICO COLEGIO
35192661,ESQUEMA UNICO COLEGIO
35466761,ESQUEMA UNICO EDUCACIONAL DE PRESIDENTE PRUDENTE
31004278,ESTA - ESCOLA SANTO TOMAS DE AQUINO
35006903,ESTABELECIMENTO DE ENSINO ESCOLA AMERICANA DE SANTOS
35564369,ESTANCIA DE SAO ROQUE COLEGIO
35176497,ESTILO INSTITUTO EDUCACIONAL
35100043,ESTRELA SIRIUS COLEGIO
35132056,ESTRUTURAL COLEGIO
35286187,ETAPA COLEGIO
35134806,ETAPA COLEGIO DE EFM
35563006,ETAPA III COLEGIO
42006724,ETC DE TUBARAO
51054710,ETEC-ESC TAPURAENSE DE ENSINO E CULTURA
35117687,ETEL TECNICA DE ELETRONICA ESCOLA
41160932,ETICA AEROPORTO C EM
35137960,ETIP CENTRO EDUCACIONAL
35108736,ETIP MASTER CENTRO EDUCACIONAL
33161348,ETP - CENTRO EDUCACIONAL
35132883,EUCLIDES DA CUNHA COLEGIO
23186704,EVANDRO AYRES DE MOURA CENTRO EDUCACIONAL
29451990,EVOLUCAO CENTRO EDUCACIONAL
26175240,EVOLUCAO CENTRO EDUCACIONAL LTDA
35154573,EVOLUCAO COLEGIO
35173174,EVOLUCAO COLEGIO
35132950,EVOLUCAO COLEGIO
42142822,EXATHUM CURSO E COLEGIO
35135057,EXATO COLEGIO
26441713,EXATO COLEGIO E CURSO
35144228,EXATUS COLEGIO E VESTIBULARES
42100712,EXCELENCIA EDUCACIONAL SHERWOOD LTDA
31348465,EXCELENCIA TECNICOS
25121413,EXECUTIVO COLEGIO E CURSO
35185309,EXITO COLEGIO
50012487,EXITUS SISTEMA DE ENSINO
23186763,EXODUS COLEGIO
24088030,EXPANSIVO COLEGIO E CURSO
27321010,EXPOENTE COLEGIO E CURSOS
51072106,EXPONENCIAL PREPARATORIO PERSONALIZADO
41381459,EXPRESSAO CEI F M
33105189,EXTERNATO CRESPO
25121251,EXTERNATO DOM PEDRO II
31180319,EXTERNATO N SRA DE LOURDES
33069522,EXTERNATO PINHEIRO LTDA
35440000,FAAG COLEGIO
35141948,FAAP COLEGIO EM
35449003,FAAP RIBEIRAO PRETO COLEGIO
24078140,FAC - COLEGIO E CURSO
24057169,FACEX
24087157,FACEX UNIDADE CIC
42272327,FACULDADE DE TECNOLOGIA SENAC BLUMENAU
33186324,FACULDADE E CURSOS ALMEIDA SANTOS
41377567,FAG CEI EF M
23065591,FARIAS BRITO COLEGIO CENTRAL
23246847,FARIAS BRITO COLEGIO DE APLICACAO
23272333,FARIAS BRITO COLEGIO PRE-VESTIBULAR CENTRAL
23243350,FARIAS BRITO JOVEM SEIS BOCAS COLEGIO
23334266,FARIAS BRITO PRE VESTIBULAR ALDEOTA
51088835,FARINA SISTEMA DE ENSINO
35153308,FARTURA COLEGIO EDUCACIONAL DE
41154967,FATECIE PREMIUM CEF M
23165391,FCO DE ASSIS COLEGIO SAO
35106884,FECAP COLEGIO
15170667,FEDERAL SISTEMA DE ENSINO
35371117,FELIPE MANOEL DE CAMPOS REV PROF COLEGIO PRESBITERIANO
35263795,FENIX COLEGIO
35159530,FENIX COLEGIO
35143625,FENIX COLEGIO
35268628,FENIX COLEGIO
35430432,FENIX SANTA PAULA ESCOLA UNDADE I E II
25164805,FERA COLEGIO E CURSO
35173712,FEREGUETTI CENTRO EDUCACIONAL
35469713,FERNANDO DOS REIS PROFESSOR COLEGIO
35109400,FERNAO DIAS PAIS COLEGIO
35288378,FERREIRA MASTER COLEGIO
35137042,FIAP SCHOOL
35445630,FIAP TECH SCHOOL
31349720,FIBONACCI COLEGIO
35165232,FILOMENA DE MARCO COLEGIO UNIDADE II
35109472,FITO ESCOLA DE EDUCACAO BASICA UNIDADE I
35158574,FLAVIO PINHEIRO COLEGIO UNIDADE II
43219438,FLEMING EDUCACAO SANTA MARIA
43213995,FLEMING SERVICOS EDUCACIONAIS LTDA
35135525,FLORESTA COLEGIO
35154436,FONTE COLEGIO
35185346,FORMOSA COLEGIO
35802402,FORTALEZA DE PRESIDENTE EPITACIO COLEGIO
35175024,FORTEC ESCOLA TECNICA
35160477,FORTEC ESCOLA TECNICA UNID IV
35119748,FORTEC ESCOLA TECNICA UNIDADE II
33160163,FORUM CULTURAL
35441995,FOUR C BILINGUAL ACADEMY
33200351,FR TERRA CENTRO EDUCACAO ME
52188388,FRACTAL CENTRO DE EDUCACAO E ENSINO
52109216,FRACTAL PASSEIO DAS AGUAS
35151063,FRANCA COLEGIO
35287544,FRANCANO COLEGIO
35116889,FRANCISCANO CORACAO DE MARIA COLEGIO
35105314,FRANCISCANO PIO XII COLEGIO
23070064,FRANCISCO PEREIRA COLEGIO CONEGO
35105569,FRIBURGO COLEGIO
23082321,FUND EDUCACIONAL PROFª EDITH NUNES COSTA
42141257,FUNDACAO CENTRO EDUCATIVO
50004476,FUNDACAO EDUCACIONAL CRISTO REI
31074390,FUNDACAO EDUCACIONAL MACHADO SOBRINHO
13031767,FUNDACAO MATIAS MACHLINE
42133920,FUNDACAO UNIVERSIDADE PARA O DESENVOLVIMENTO DO ALTO VALE DO ITAJAI
35169043,FUNDACAO UNIVERSITARIA VIDA CRISTA FUNVIC
35131970,FUNDAMENTUM COLEGIO
35801458,FUTURA COLEGIO
35188785,FUTURA COLEGIO
35142864,FUTURO COLEGIO
35304876,FUTURO COLEGIO
35158823,FUTURO ESCOLA DO
31311481,FUTURO VESTIBULARES LTDA
35187318,GAIA COLEGIO DE EDUCACAO INFANTIL E ENSINO FUNDAMENTAL
42160081,GAIA CURSO E COLEGIO
33110360,GALATAS SISTEMA EDUCACIONAL
35803224,GALILEU COLEGIO
35400336,GARDHON BANDEIRAS COLEGIO
33163863,GARRA VESTIBULARES ASS EDUCACIONAL LTDA - UNID 2
35165517,GBI ESCOLA
35154854,GENESE COLEGIO
35802505,GENESIS COLEGIO
35167034,GENESIS COLEGIO
35194712,GENIUS COLEGIO
15586057,GENIUS UNIVERSIDADE DE CONSTRUCAO E APRENDIZAGEM
41019105,GERACAO CEI EF M PROFIS
41008758,GERACAO CIMA CEI EF M
35165505,GERACAO COLEGIO
26118181,GERACAO COLEGIO E CURSO
35809081,GERACAO VALPARAISO COLEGIO
35802591,GERALDO DINIZ JUNQUEIRA ENG AGR COLEGIO
35438315,GERMINARE ESCOLA
26152630,GGE VESTIBULARES
35144034,GIBRAN KHALIL GIBRAN COLEGIO
33069476,GINASIO NOSSA SRA DO BONSUCESSO
26107155,GINASIO SAO JOSE
35124175,GIORDANO BRUNO COLEGIO
35801859,GIRASSOL COLEGIO
35563298,GLOBAL COLEGIO UNIDADE II
35133024,GLORIAM DEI LICEU
35161457,GRADUAL COLEGIO
35299376,GRAMENSE COLEGIO
35128120,GRAN LEONE COLEGIO
35109289,GRANJA VIANA ESCOLA
35344837,GREEN BOOK SCHOOL ENSINO FUNDAMENTAL E MEDIO
35811816,GRILLI MAGALHAES COLEGIO
33121753,GRUPO DE ENSINO MIRANDA BARROSO
26152819,GRUPO EDUC DO RECIFE ANGLO LIDER
22142622,GRUPO EDUCACIONAL CEV - UNIDADE KENNEDY
26174774,GRUPO EDUCACIONAL DE SAO LOURENCO ANGLO LIDER
33159645,GRUPO EDUCACIONAL MOPI LTDA - UNIDADE INTEGRADO II - TIJUCA
33159637,GRUPO EDUCACIONAL MOPI LTDA - UNIDADE ITANHANGA
15163830,GRUPO EDUCACIONAL PHYSICS LTDA
33135169,GRUPO FARIA BRITO - OFICINA DA CRIANCA
15103080,GRUPO FUTURO EDUCACIONALMARABA
35171116,GUAIAUNA COLEGIO
41534913,GUAIRACA CEF M
35369895,GUARANI COLEGIO DE ENSINO FUNDAMENTAL
35151889,GUARAPIRANGA COLEGIO
35250348,GUARULHOS COLEGIO
35133942,GUARULHOS COLEGIO INTEGRADO
29299632,GUEDES EDUCANDARIO
35168543,GUGLIELMO MARCONI COLEGIO
35131945,GUILHERME DE ALMEIDA COLEGIO UNIDADE I
35118072,GUTENBERG COLEGIO
35119611,HARMONIA COLEGIO
35803844,HAYA INSTITUTO EDUCACIONAL
25134027,HBE COLEGIO E CURSO
35171189,HEITOR VILLA LOBOS COLEGIO
35117912,HELIO DE SOUZA COLEGIO
35805439,HELIOS COLEGIO
35193306,HENRIQUE I ESCOLA
35110474,HENRIQUE OSWALD ESCOLA
35107487,HUMBOLDT COLEGIO
35809895,IA COLEGIO
35439095,IANG TAO ESCOLA DE ENSINO FUNDAMENTAL
35195972,IAPI COLEGIO
35121733,IAVEC VIDA DE ENSINO CRISTAO INSTITUTO AVANCADO
35103536,IAVNE COLEGIO EFM
33180563,IBE INSTITUTO BATISTA DE ENSINO
24056243,ICARO COLEGIO E CURSO
33198128,ICONE COLEGIO E CURSO COLEGIO VENANCIO SOARES LTDA
41071417,IDEAL C EI F M
41375882,IDEAL CEI EF M
35150642,IDEAL COLEGIO
35295784,IDEAL COLEGIO
24077208,IDEAL COLEGIO E CURSO
35151841,IDEAL SAO PAULO COLEGIO UNIDADE I E II
23272864,IDETE CENTRO EDUCACIONAL
25124170,IEG COLEGIO E CURSO
31376671,IEL - INSTITUTO EDUCACIONAL LATTES
29345065,IINSTITUTO SOCIAL DE TUCANO
35137765,ILHA SOLTEIRA COLEGIO PRE UNIVERSITARIO
35499778,ILIMIT EDUCACIONAL
23274921,IMACULADA CONCEICAO COLEGIO
35111569,IMACULADA CONCEICAO INSTITUTO
35113585,IMACULADA CONCEICAO INSTITUTO EDUCACIONAL
24059277,IMPACTO COLEGIO E CURSO
35366791,IMPERATRICE COLEGIO
35100420,IMPERATRIZ LEOPOLDINA COLEGIO
35568892,IMPERIO CHOCOLATE TEENS COLEGIO UNIDADE II
35118102,INCENTIVO CENTRO DE EDUCACAO ENSINO MEDIO
35125647,INDEPENDENTE DE AMERICANA CENTRO EDUCACIONAL
35294780,INICIO DO SABER COLEGIO
35119209,INOVACAO COLEGIO UNIDADE I
35158872,INOVACAO COLEGIO UNIDADE II
35144548,INOVACAO ESCOLA EDUCACAO INFANTIL FUNDAMENTAL E MEDIO
35290439,INOVANDO O APRENDIZADO INSTITUTO DE DESENVOLVIME EDUC IDEIA
35004902,INOVAR EDUCACIONAL
33183139,INOVAR VEIGA DE ALMEIDA
31260797,INPA INSTITUTO PEDAGOGICO ARCOENSE
35499067,INSPIRE COLEGIO
43152910,INST ADVENT CRUZEIRO DO SUL
33060266,INST DE ED PAULO DE TARSO
31062235,INST DE EDUC E ENS POUSO ALEGRE
33009783,INST DOM BOSCO
22025758,INST EDUC AFONSO MAFRENSE
33043663,INST EDUC CHAVE DO SABER
31249203,INST EDUC CULT CARMO DO RIO CLARO
31193160,INST EDUC MAYRINK VIEIRA
31267007,INST EDUC NOVOS TEMPOS
33138532,INST EDUC PROF ALAOR
22026037,INST EDUC SAO JOSE
25021885,INST EDUC VERA CRUZ
33032114,INST EDUCACIONAL PORTO REAL
21272921,INST EDUCACIONAL SUL MARANHENSE COC
53014014,INST EDUCACIONAL VITORIA REGIA
31014206,INST ELIZABETH KALIL
31295345,INST ELLOS DE EDUCACAO
31294039,INST EMILIA FERREIRO
31249483,INST ITALO BRASILEIRO BICULTURAL
22026088,INST MAGISTER DE ENSINO
33048037,INST MARCOS RICHARDSON
31246166,INST MARIA AUGUSTA MACHADO - IMAM
33102341,INST METODISTA DE PETROPOLIS
31041190,INST N SRA DO SAGRADO CORACAO
33060380,INST OLAVO BILAC
31277177,INST PEDAG CRESCER
31210498,INST PEQUENO PRINCIPE - EXPANSAO
25075551,INST SANTO ANTONIO
53005910,INST SAO JOSE
15041930,INSTITUTO 15 DE AGOSTO SS LTDA
26183358,INSTITUTO ADVENTISTA PERNAMBUCANO DE ENSINO
26148552,INSTITUTO ALBERT EINSTEIN
33158274,INSTITUTO ALBERTO BRAGA LTDA
31145700,INSTITUTO ALICE MACIEL
33226210,INSTITUTO AREDES RODRIGUES
29354900,INSTITUTO ASSOCIADOS SABER E CULTURA
31136751,INSTITUTO AUXILIADORA
31382698,INSTITUTO AXIOMA - UNIDADE IV
13031872,INSTITUTO BATISTA DO AMAZONAS
33380201,INSTITUTO BIANCHI DE ENSINO
24059293,INSTITUTO BRASIL
26111772,INSTITUTO BRASILIA
31266655,INSTITUTO CASSIO MAGNANI
31005975,INSTITUTO CORACAO DE JESUS
24000493,INSTITUTO DANTAS MONTEIRO
31238082,INSTITUTO DE APLICACAO EDUCACIONAL
51069202,INSTITUTO DE EDUCACAO ABC AGUA BOA
51068575,INSTITUTO DE EDUCACAO ABC LTDA
31355356,INSTITUTO DE EDUCACAO ALFA I
33039151,INSTITUTO DE EDUCACAO AQUARELA
29738628,INSTITUTO DE EDUCACAO BATISTA DE PORTO SEGURO
15539962,INSTITUTO DE EDUCACAO BETEL
35465963,INSTITUTO DE EDUCACAO CIENCIAS E LETRAS ZONA NORTE
29419557,INSTITUTO DE EDUCACAO COMENIUS
50014056,INSTITUTO DE EDUCACAO DE BELA VISTA
35168609,INSTITUTO DE EDUCACAO E CULTURA DO OESTE PAULISTA
13093070,INSTITUTO DE EDUCACAO EL SHADAY
29360730,INSTITUTO DE EDUCACAO EUJACIO RIBEIRO DE CARVALHO
33062161,INSTITUTO DE EDUCACAO GERALDO DE ALMEIDA
15165809,INSTITUTO DE EDUCACAO INTEGRADA ALBERT EINSTEIN - MARITUBA
29459729,INSTITUTO DE EDUCACAO JUVENCIO
50020897,INSTITUTO DE EDUCACAO NOVA GERACAO
35582803,INSTITUTO DE EDUCACAO PARQUE INDUSTRIAL IEPI
33127123,INSTITUTO DE EDUCACAO PEREIRA BATISTA
13064207,INSTITUTO DE EDUCACAO PROF DENIZARD RIVAIL
33128278,INSTITUTO DE EDUCACAO SANTA ANGELA
31259764,INSTITUTO DE EDUCACAO SANTA MARIA
21168458,INSTITUTO DE EDUCACAO SANTA ROSA
43107877,INSTITUTO DE EDUCACAO SAO FRANCISCO
33173109,INSTITUTO DE EDUCACAO SUPER ATIVO
43151345,INSTITUTO DE EDUCACAO TAPEJARA
35110899,INSTITUTO DE EDUCACAO THEREZA PORTO MARQUES
22126988,INSTITUTO DE ENSINO INTELLECTUS
25091360,INSTITUTO DE ENSINO JAIME CAETANO
35153631,INSTITUTO DE ENSINO NOVO DINAMICO
51069741,INSTITUTO DE ENSINO SAN PETRUS LTDA
35125261,INSTITUTO DE ENSINO XV DE AGOSTO
16012232,INSTITUTO DE FORMACAO PROFISSIONALE EMPREGO - IFOPE
35110929,INSTITUTO DE TECNOLOGIA DE JACAREI
28019814,INSTITUTO DOM FERNANDO GOMES
26148536,INSTITUTO DOM PEDRO I
33191930,INSTITUTO DOMINUS DE EDUCACAO
35111867,INSTITUTO EDUCACAO CIENCIAS E LETRAS CENTRO
35137108,INSTITUTO EDUCACIONAL ALVORADA PLUS ESCOLA DO PENSAR
31253391,INSTITUTO EDUCACIONAL APOGEU
31356930,INSTITUTO EDUCACIONAL AQUARELA
50082957,INSTITUTO EDUCACIONAL ARANCUA
31278793,INSTITUTO EDUCACIONAL ARCO
29453690,INSTITUTO EDUCACIONAL ARCO-IRIS
29058856,INSTITUTO EDUCACIONAL BARRAMENDENSE
31145891,INSTITUTO EDUCACIONAL BARREIRO GRANDE
29277566,INSTITUTO EDUCACIONAL CECILIA MEIRELES
15180581,INSTITUTO EDUCACIONAL DA AMAZONIA
43098584,INSTITUTO EDUCACIONAL DE PASSO FUNDO
35008238,INSTITUTO EDUCACIONAL DE SERVICO ENSINO E PESQUISA IESEP
21075603,INSTITUTO EDUCACIONAL DEPUTADO WALDIR FILHO
43181040,INSTITUTO EDUCACIONAL DIMENSAO LTDA
35166832,INSTITUTO EDUCACIONAL E CULTURAL FILADELFIA
52048705,INSTITUTO EDUCACIONAL EXITO LTDA
50001850,INSTITUTO EDUCACIONAL FALCAO
35287131,INSTITUTO EDUCACIONAL FORMACAO SUZANO
33178682,INSTITUTO EDUCACIONAL FRANCISCO DE ASSIS
43303056,INSTITUTO EDUCACIONAL GIRASSOL
51039826,INSTITUTO EDUCACIONAL ICE - EIRELI -ME
35140065,INSTITUTO EDUCACIONAL IGUATEMY ESCOLA DE EI EF E EM
25112139,INSTITUTO EDUCACIONAL IMACULADA CONCEICAO
15175685,INSTITUTO EDUCACIONAL INVICTUS
25132415,INSTITUTO EDUCACIONAL INVICTUS LTDA
21283753,INSTITUTO EDUCACIONAL JOSE MARINHO
25115340,INSTITUTO EDUCACIONAL JOSE PEREIRA DO NASCIMENTO
21515662,INSTITUTO EDUCACIONAL MACIEL
21317402,INSTITUTO EDUCACIONAL MAGNOLIA
22127933,INSTITUTO EDUCACIONAL MAHATMA GANDHI
31217263,INSTITUTO EDUCACIONAL MANOEL PINHEIRO
31339989,INSTITUTO EDUCACIONAL MARGARIDA REZENDE
21584788,INSTITUTO EDUCACIONAL MARIA MADALENA
22138269,INSTITUTO EDUCACIONAL MENINO JESUS
31340391,INSTITUTO EDUCACIONAL MISSAO PAZ
31342076,INSTITUTO EDUCACIONAL NOSSA SENHORA DA CONCEICAO
29050880,INSTITUTO EDUCACIONAL NOSSA SRA DE FATIMA
25097784,INSTITUTO EDUCACIONAL PARAIBANO LTDA ME
25126750,INSTITUTO EDUCACIONAL POLARIS MAMANGUAPE
33102236,INSTITUTO EDUCACIONAL PROF ALAOR LTDA
31342122,INSTITUTO EDUCACIONAL SABER
31215830,INSTITUTO EDUCACIONAL SANTA AMELIA
22128778,INSTITUTO EDUCACIONAL SANTA RITA
25097938,INSTITUTO EDUCACIONAL SANTOS DUMONT LTDA
31128058,INSTITUTO EDUCACIONAL SAO JOAO DA ESCOCIA
22144714,INSTITUTO EDUCACIONAL SAO JOSE
24073784,INSTITUTO EDUCACIONAL SEMENTES
31230758,INSTITUTO EDUCACIONAL SHALOM
29149746,INSTITUTO EDUCACIONAL SILVANO ANDRADE
11049723,INSTITUTO EDUCACIONAL SOMA - IES
29475805,INSTITUTO EDUCACIONAL XAVIER SOUZA
29454883,INSTITUTO EDUCARE DE PRADO-IEP
31236934,INSTITUTO EROS GUSTAVO
25106210,INSTITUTO ESCOLAR ELSHADDAY
29328560,INSTITUTO FRANCISCO DE ASSIS
33057206,INSTITUTO GAYLUSSAC - ENS FUNDAMENTAL E MEDIO
33076510,INSTITUTO GEREMARIO DANTAS
24003492,INSTITUTO GURILANDIA
33124558,INSTITUTO HELENA GOULLART - CAPP
26127890,INSTITUTO HELENA LUBIENSKA
13025210,INSTITUTO HILDA FERREIRA
33074852,INSTITUTO JESUS EUCARISTICO
25029541,INSTITUTO JOAO SIQUEIRA DE FIGUEIREDO
23026570,INSTITUTO KAIROS
43162690,INSTITUTO LAURA VICUNA
43125514,INSTITUTO LIVRAMENTO
33170096,INSTITUTO MAIA VINAGRE FUNDAMENTAL
33054851,INSTITUTO MARIA TOMASIA LTDA
31377627,INSTITUTO MARIO BRAGANCA
35155871,INSTITUTO MAXIMO DE EDUCACAO
31359831,INSTITUTO MENINADA CRESCER
33060371,INSTITUTO MENINO JESUS DE COMENDADOR SOARES
25087193,INSTITUTO MODERNO
25090631,INSTITUTO MON SERRAT
35257916,INSTITUTO MONITOR LTDA
22081615,INSTITUTO MONSENHOR HIPOLITO
31133621,INSTITUTO MONTESSORI
35198870,INSTITUTO NACIONAL DE EDUCACAO A DISTANCIA - INED
41028945,INSTITUTO NOSSA SENHORA AUXILIADORA
33049505,INSTITUTO NOSSA SENHORA DA GLORIA
33174881,INSTITUTO NOSSA SENHORA DA GLORIA RIO DAS OSTRAS - UNIDADE IV
33104247,INSTITUTO NOSSA SENHORA DA PIEDADE II
25099868,INSTITUTO NOSSA SENHORA DE FATIMA LTDA
33041148,INSTITUTO NOSSA SENHORA DE LOURDES
33161860,INSTITUTO NOVA VIDA DE EDUCACAO E CULTURA
33159629,INSTITUTO PAULO APOSTOLO
31241776,INSTITUTO PERFIL DE EDUCACAO
31304981,INSTITUTO PIAGET DE ENSINO
33069565,INSTITUTO PIO XI
24055654,INSTITUTO PIO XII
33183970,INSTITUTO PRESBITERIANO DE ENSINO LTDA
52053261,INSTITUTO PRESBITERIANO SAMUEL GRAHAM
43176364,INSTITUTO PRO-UNIVERSIDADE CANOENSE - IPUC
33451222,INSTITUTO RAPOSO SILVA
24059340,INSTITUTO REIS MAGOS
43139558,INSTITUTO RIO BRANCO
35440322,INSTITUTO SABER
43107559,INSTITUTO SANTA LUZIA
24003646,INSTITUTO SANTA MARIA GORETTI
26120968,INSTITUTO SANTA MARIA MAZZARELLO
33125554,INSTITUTO SANTA ROSA LTDA - ME
15058794,INSTITUTO SANTA TERESINHA
26135465,INSTITUTO SANTA TEREZA
26121182,INSTITUTO SANTA TEREZINHA
22138544,INSTITUTO SANTO AGOSTINHO
26095882,INSTITUTO SANTO INACIO DE LOIOLA
43060315,INSTITUTO SAO FRANCISCO CORACAO DE MARIA
43107451,INSTITUTO SAO FRANCISCO SANTA FAMILIA
33031649,INSTITUTO SAO JOSE
26179350,INSTITUTO SAO LUIZ
22146040,INSTITUTO SAPERE AUDE
14007274,INSTITUTO SION
29422264,INSTITUTO SOCIAL OBJETIVO
29199603,INSTITUTO SOCIAL PINDORAMA
33078521,INSTITUTO TAMANDARE
42152186,INSTITUTO TECNOLOGICO ASSESSORITEC
42295262,INSTITUTO TECNOLOGICO ASSESSORITEC
17056942,INSTITUTO TOCANTINENSE DE EDUCACAO SUPERIOR E PESQUISA LTDA
22143033,INSTITUTO XAVIER
41063570,INTEGRACAO CEI EF M
41552059,INTEGRACAO CEI EF M
25098314,INTEGRACAO CENTRO DE ENSINO LTDA
35810794,INTEGRACAO COLEGIO
35163326,INTEGRACAO COLEGIO
35151130,INTEGRACAO COLEGIO UNIDADE II
35154258,INTEGRADA EDUCATIVA ESCOLA
35144885,INTEGRADA RUI BARBOSA ESCOLA
35173708,INTEGRADO COLEGIO
35166169,INTEGRADO COLEGIO
35112276,INTEGRADO COLEGIO
35428796,INTEGRADO COLEGIO DE ENSINO MEDIO
41015673,INTEGRADO COLEGIO E FACULDADE CAMPO MOURAOPR
35138733,INTEGRADO DE BRAGANCA PAULISTA COLEGIO
35124345,INTEGRADO DE IBIUNA UNIDADE ESCOLAR DE ENSINO
35140673,INTEGRADO DE MOGI GUACU COLEGIO
35140144,INTEGRADO DE OSASCO COLEGIO ENSINO FUNDAMENTAL E MEDIO
41022440,INTEGRADO JEAN PIAGET CEI EF M
35439149,INTEGRADO SER COLEGIO
35140685,INTEGRAL APLICADO COLEGIO
35138800,INTEGRAL APLICADO COLEGIO
41150996,INTEGRAL CEM
41129881,INTEGRAL COL - EDUC INF EF-EM
35126949,INTEGRAL COLEGIO
23071346,INTEGRAL COLEGIO
41156781,INTEGRAL DE TOLEDO CEM
41159446,INTEGRAL MARECHAL CEF M
24064068,INTELECTUAL COLEGIO E CURSO
35501918,INTELECTUS RIO PRETO COLEGIO
25131036,INTENSIVO SERVICOS EDUCACIONAIS EIRELI
25130510,INTENSIVO SISTEMA DE ENSINO EIRELI
25125958,INTERABESSA COLEGIO E CURSO LTDA ME
41144490,INTERACAO C - EI EF M PROFIS
35117500,INTERACAO DE MARILIA COLEGIO
33195420,INTERACAO EDUCACIONAL LTDA
35172509,INTERACAO MODELO COLEGIO
33170371,INTERACTIVO COLEGIO E CURSOS
25092901,INTERACTIVO CRISTO COLEGIO E CURSOS EIRELI ME
25125966,INTERAGINDO SISTEMA DE ENSINO LTDA
41358708,INTERATIVA CEI EF M
35174348,INTERATIVO ARARAQUARA CURSO E COLEGIO
35115459,INTERATIVO COLEGIO UNIDADE I
35165116,INTERATIVO CURSO E COLEGIO
35142682,INTERESCOLAR OBJETIVO UNIDADE GRANJA VIANA CENTRO
35175614,INTERNACIONAL DE ALPHAVILLE ESCOLA
35106367,INTERNACIONAL ITALO BRASILEIRO COLEGIO
26172852,INVEST CENTRO EDUCACIONAL
35507124,IPE AMARELO CENTRO EDUCACIONAL
35007795,IPE CENTRO EDUCACIONAL
35192077,IPE DE ASSIS COLEGIO UNID II
35441922,IPE GRUPO EDUCACIONAL CARLOS CLEMENTE
41570944,IPEC CEI EFM
25098080,IPI INSTITUTO PARAIBANO INFANTIL LTDA
35118000,IRENE BARGIERI COLEGIO
23246790,IRLANE FERNANDES CENTRO DE EDUCACAO
35142815,IRUM CURUMIM ESCOLA DE EDUCACAO BASICA IRUM CURUMIM
35139774,ISAAC NEWTON ESCOLA
35168828,ISAAC NEWTON ESCOLA UNIDADE II
35140880,ISAAC NEWTON SIR COLEGIO
33194270,ISEM INSTITUTO SILOE DE ENSINO MODERNO
33155259,ISJB - COLEGIO SALESIANO REGIAO OCEANICA
25129899,ISO COLEGIO E CURSOS
25133748,ISO COLEGIO E CURSOS - UNIDADE SUL
41399820,ISULPAR CEM
35144186,ITACA COLEGIO
35141537,ITAMARATI COLEGIO
35106434,ITAPETININGA COOPERATIVA DE ENSINO DE
35432210,ITAPETININGA INSTITUTO UNIVERSITARIO DE
35159141,ITAPETININGA SISTEMA EDUCACIONAL DE ENSINO DE
35175031,ITAPEVA INSTITUTO EDUCACIONAL EEB
35150289,ITAQUA COLEGIO
35161317,ITAQUERA COLEGIO
35123080,JAIME KRATZ INSTITUTO EDUCACIONAL
35152812,JANDYRA ANTUNES ROSA PROFESSORA COLEGIO
35365592,JARDIM ARICANDUVA COLEGIO
35151282,JARDIM DAS NACOES COLEGIO
35140740,JARDIM DAS ORQUIDEAS CENTRO EDUCACIONAL
33123187,JARDIM ESCOLA BARCELOS DE SANTA CRUZ LTDA
35142311,JARDIM ESCOLA CASINHA DO SABER EXTERNATO ELVIRA RAMOS
33478210,JARDIM ESCOLA LAPIS VERMELHO COLEGIO NOVA DIMENSAO
33132810,JARDIM ESCOLA PEDACINHO DO CEU
33130418,JARDIM ESCOLA POPI LTDA - COL CELIO RODRIGUES
33212600,JARDIM ESCOLA RAIO DE SOL
35100432,JARDIM SAO PAULO COLEGIO
35119982,JARDIM SAO PAULO UNIDADE TREMEMBE COLEGIO
35194700,JARDIN S COLEGIO
33120510,JD DE INF TOCA DO COELHO ALEGRE
33116636,JD ESC ANTONIO RIBEIRO FEITOSA LTDA
33116490,JD ESC BONS AMIGOS
33101469,JD ESC MARIA FUMACA LTDA CENTRO EDUC RENASCER
33073783,JD ESC MONTE SINAI
33060568,JD ESC RECANTO DO SABER
33069697,JD ESC SOLDADINHO DE CHUMBO
33054118,JD ESC SONHO DA TIA REGINA
33110093,JD ESC URSINHOS CARINHOSOS
33132690,JD ESCOLA ESTRELINHA MAGICA - INST GENARIA VIANA
35452543,JEAN JACQUES ROUSSEAU COLEGIO
35121253,JEAN PIAGET COLEGIO
35105824,JEAN PIAGET COLEGIO
35172625,JEAN PIAGET COLEGIO
35154295,JEAN PIAGET UNIDADE II EEPG
24053554,JELM COLEGIO E CURSOS LTDA
24067911,JFC - EXPANSIVO COLEGIO E CURSO
28031970,JFGG E CIA LTDA
33187959,JGFLORENCIO SISTEMA DE ENSINO EIRELI - CENTRO EDUCACIONAL SILVA FLORENCIO
21617660,JI ROSA MENINA E COLEGIO SANTO EXPEDITO
33121613,JI TIA MONICA-CT EDUC VASCONCELOS DANTAS
23187867,JIM WILLSON COLEGIO
23211237,JOAO BATISTA COLEGIO
35116464,JOAO DE MELLO MACEDO COLEGIO
35429168,JOAO FRIAZA COLEGIO
25153811,JOAO MACHADO COLEGIO E CURSO
25154001,JOAO MACHADO COLEGIO E CURSO BESSA
35131738,JOAO PAULO I COLEGIO
43216684,JOAO PAULO I PRAIA DE BELAS
35466232,JOAO PAULO II ESCOLA
35105387,JOAO PAULO MAGNANE DE SOUZA CENTRO EDUCACIONAL
35102040,JOAO XXIII ESCOLA
35165670,JOAQUIM MARIA MACHADO DE ASSIS COLEGIO
35115873,JOHN FITZGERALD KENNEDY ESCOLA EIEFM
35113943,JOHN KENNEDY COLEGIO
35124813,JOSE BONIFACIO CENTRO ALTERNATIVO DE EDUCACAO
35132871,JOSE CESARIO PIMENTEL ESCOLA MODELO DE ENSINO FUND E MEDIO
35141057,JOSE NUNES MONSENHOR COLEGIO
35119714,JOSE STRAVATI COLEGIO
23072741,JOVINIANO BARRETO COLEGIO MONSENHOR
35300895,JP ENSINO MEDIO CURSOS TECNICOS E CURSINHOS
33152470,JR COLEGIO LTDA
35299625,JULIO BOTELHO COLEGIO
35142359,JULIO MESQUITA COLEGIO
35106471,JULIO PEREIRA LOPES COLEGIO
35108509,JULIO VERNE CENTRO DE ESTUDOS
35110140,KENNEDY PRESIDENTE COLEGIO
35114078,KOELLE COLEGIO
35126299,KUARUP COLEGIO
35111485,L M P BURINI CENTRO DE APRENDIZAGEM
35130588,LA FONTAINE ESCOLA EDUCACAO INFANTIL E FUNDAMENTAL
35268173,LACORDAIRE COLEGIO ENSINO MEDIO
35438085,LAMARCK COLEGIO
35137388,LANTAGI COLEGIO ENSINO FUNDAMENTAL E MEDIO
35160222,LARANJAL COLEGIO DE ENS FUND E MEDIO
13102192,LATO SENSU IV
33192260,LATTOS COLEGIO E VESTIBULARES
13032020,LAVINIENSE ENSINO INTEGRADO E CE PINGO DE GENTE
35144678,LAZARO SILVA COLEGIO
35171360,LAZI COLEGIO
35808660,LC COLEGIO
35115642,LEBISTE COLEGIO
35165335,LECTUS COLEGIO
33195820,LEGACY SCHOOL DE NOVA IGUACU
33193070,LEGACY SCHOOL ILHA PURA
33196478,LEGACY SCHOOL JARDIM SULACAP
33199973,LEGACY SCHOOL MACAE
33187185,LEGACY SCHOOL RECREIO
33194688,LEGACY SCHOOL REGIAO OCEANICA
33192650,LEGACY SCHOOL VILA DA PENHA LTDA
35176230,LEME AMSTALDEN COLEGIO
35125799,LEONARDO DA VINCI COLEGIO
35136050,LEONARDO DA VINCI COLEGIO DE ENSINO FUNDAMENTAL E MEDIO
35108996,LEONOR MENDES DE BARROS DONA COLEGIO
35137595,LIBERE VIVERE COLEGIO DE ENSINO BASICO
35100183,LICEU CARVALHO PINTO EIFM
42140285,LICEU CATARINENSE DE ENSINO
35580466,LICEU CENTRO EDUCACIONAL DE CAPIVARI
35431436,LICEU CONTEMPORANEO ENSINO MEDIO
35103421,LICEU DE ARTES E OFICIOS DE SAO PAULO
28020049,LICEU DE ESTUDOS INTEGRADOS
22009256,LICEU DE PIRIPIRI
35173186,LICEU JARDIM
35063332,LICEU JOSE DE ALENCAR
33100977,LICEU MOLIERE
35166492,LICEU PAULO FREIRE
35388786,LICEU PORTINARI DE ENSINO MEDIO
33185000,LICEU SANTA MONICA
35110346,LICEU SANTISTA
35123377,LICEU SAO JOSE DO RIO PRETO COLEGIO
35110358,LICEU SAO PAULO
35125490,LICEU TERRAS DO ENGENHO EDUCACAO INFANTIL ENSINO FUNDAMENTAL E MEDIO
35358472,LICEUTECPROFESSOR ROBERTO PACHECO DE OLIVEIRA
35429570,LIDIA CRUZ COLEGIO
35802136,LILA ASSIS CENTRO EDUCACIONAL
35152473,LILIANA GONZAGA PROFA ESCOLA DE EF E EM
23267658,LIMA NOGUEIRA COLEGIO
35144997,LIMEIRENSE COLEGIO
35153126,LITTERATUS COLEGIO
33179999,LME 542 EMPREENDIMENTOS EDUCACIONAIS SS LTDA
41380649,LOANDA C EF M
41161750,LOBO IRATI C - EM
41158709,LOBO MED C - EM
35084128,LOGOS COLEGIO
31127868,LOGOS COLEGIO E CURSO - FORMACAO INTEGRAL
31316237,LOGOS COLEGIO E CURSO - FORMACAO INTEGRAL DE ENSINO FUNDAMENTAL - ANOS FINAIS E ENSINO MEDIO
33198233,LS ENSINO MARICA INTERCULTURAL LTDA NOME FANTASIA LEGACY SCHOOL MARICA
33081603,LUARTE A CASA DO CURUMIM MATRIZ
23073233,LUCE COLEGIO
41386965,LUIGI BERTAZZONI C IMIGEF M
35119507,LUIZ BIMBATTI PICCORRUXO COLEGIO
35113852,LUIZ DE QUEIROZ COLEGIO
35113268,LUIZ ROSA PROFESSOR ESCOLA
23185244,LUIZA TAVORA LTDA COLEGIO
35197828,LUMA CAROLINA COLEGIO
35151774,LUMBINI COLEGIO INTEGRADO
35143182,LUMEN COLEGIO
35150745,LUMEN COLEGIO
35160581,LUMEN COLEGIO
35169687,LUMEN COLEGIO
35136608,LUMEN VITAE COLEGIO
35132986,LUMIERE COLEGIO
35010100,LUMINOUS SOL EDUCACAO LTDA
35161007,LUX DEI COLEGIO
35431059,LUZ DO FUTURO EEIEF UNIDADE II
35172467,LYON CAMPINAS COLEGIO
50007904,MABE MODERNA ASSOCIACAO BRASILEIRA DE ENSINO MEDIO LTDA
35103861,MACKENZIE COLEGIO PRESBITERIANO
41130740,MADALENA SOFIA COL - EDUC INF-EF-EM
35133097,MAGISTRA COLEGIO
35160349,MAGNA VIDA ESCOLA
35140338,MAGNO COLEGIO
41162056,MAGNUS CEF M
35153801,MAHA DEI DE ESCOLA DESENVOLVIMENTO E EDUCACAO
35470259,MAIA COLEGIO
35151427,MAIS ASSIS
35364125,MAJORE PAULA COLEGIO
35139142,MANOEL DA NOBREGA IEMANO INSTITUTO EDUCACIONAL
35159897,MANOEL MORATTO COLEGIO
35111053,MANOEL PEDRO OLIVEIRA COMED ESCOLA POLITECNICA DE EM
41378245,MANOEL SOARESINST ED PASTOREIEFM
35430146,MAPLE BEAR CANADIAN SCHOOL MOGI DAS CRUZES
35010473,MAPLE BEAR JUNDIAI
35469300,MAPLE BEAR KLABIN
11049006,MAPLE BEAR PORTO VELHO
21273456,MAPLE BEAR SAO LUIS
41366069,MARCELINO BERALDO CEI EF M
35140824,MARCONI COLEGIO
41119304,MARIA AUGUSTA CEF M
23259159,MARIA ESTER 2 COLEGIO
35134338,MARIA IMACULADA COLEGIO
35430845,MARIA MAE EDUCADORA COLEGIO
29192480,MARIA RITA DA SILVA COSTA ME
35173685,MARTINS PENNA COLEGIO
35165311,MARUPIARA COLEGIO
35101898,MARY WARD COLEGIO
23245573,MASTER COLEGIO
23236051,MASTER COLEGIO
51036193,MASTER GENESIS ALVORADA
35173010,MASTER SOCIEDADE CIVIL COLEGIO
23269316,MASTER SUL COLEGIO
35121319,MATAO CENTRO DE EDUCACAO INTEGRAL IPG UNIDADE I E II
35118552,MATAO COLEGIO INTEGRADO DE
35108145,MATER AMABILIS COLEGIO
25133039,MATER COLEGIO E CURSO
41037855,MATER CONSOLATRIX CEI EF M
41025954,MATER DEI - COLEGIO ED INF ENS FUND E MEDIO
41024311,MATER DEI CEF M
23206373,MATHEUS CENTRO EDUCACIONAL SAO
35566706,MAX BENY MACENA COLEGIO ENSINO MEDIO
35495414,MAX COLEGIO
41032039,MAXI COL - EDUC INF ENS FUND E MED
32043325,MAXIME CENTRO EDUCACIONAL
35126123,MAXIMO COLEGIO
35116221,MAXIMO COLEGIO E UEEI TIA ZI
35125623,MAXIMUS COLEGIO
26156202,MD EDUCACIONAL- COLEGIO MADRE DE DEUS UNIDADE II
35431459,MDB SANTA MARIA
23074264,MEDICI INSTITUTO EDUCACIONAL PRESIDENTE
41406427,MEGA CEI EF M
35368015,MELLO DANTE COLEGIO ENSINO MEDIO
23199407,MENEZES E SOUSA COLEGIO
23269065,MENINO JESUS DE PRAGA COLEGIO
35124126,MENSAGEM COLEGIO
23274654,MERITHUS CENTRO EDUCACIONAL
35121435,MESON COLEGIO GALILEO GALILEI
35141483,MESQUITA COLEGIO
35803571,MESTRE COLEGIO
35170446,META COLEGIO
35185449,META LUX COLEGIO
35150548,METODO COLEGIO
35557961,METROPOLITANA ESCOLA
35154180,MEU CAMINHO CENTRO DE EDUCACAO
35120285,MIGUEL DE CERVANTES COLEGIO
35115162,MIGUEL NAYME CENTRO EDUCACIONAL
35152791,MILENIO INSTITUTO EDUCACIONAL
35152924,MILLENNIUM COLEGIO EEIFM
35151506,MIRANDA COLEGIO DE EIFM
41140931,MOBI DICK C CENTRO EDEI EF M
35165347,MOBILE COLEGIO
23275189,MODELO EDUCAR COLEGIO
35109502,MODULO COLEGIO
35118928,MODULO COLEGIO
35567863,MONACO COLEGIO
35290993,MONFORTE COLEGIO
35187537,MONTE CASTELO COLEGIO
35106380,MONTE MOR COLEGIO
35290415,MONTE SINAI COLEGIO
35168762,MONTEIRO ESCOLA DESENVOLVIMENTO INFANTIL E ENS FUNDAMENTAL
41376439,MONTEIRO LOBATO C EI EF M
41378709,MONTEIRO LOBATO CEI EF M
41144120,MONTEIRO LOBATO CEI EF M
35150022,MONTEIRO LOBATO COLEGIO
35152420,MONTEIRO LOBATO COLEGIO
35135744,MONTEIRO LOBATO COLEGIO
35811359,MONTEIRO LOBATO COLEGIO
35806572,MONTEIRO LOBATO COLEGIO FRANCA UNIDADE II
23064552,MONTEIRO LOBATO EDUCANDARIO
35367345,MONTEPELLIER SISTEMA EDUCACIONAL
35810356,MONTESSO COLEGIO
35189443,MORALES LOPES COLEGIO
35168622,MORIAH COLEGIO
35121721,MORUMBI DE ALPHAVILLE ESCOLA DE ENSINO FUNDAMENTAL
35568193,MORUMBI ESCOLA UNIDADE MOEMA
35124795,MORUMBI SUL COLEGIO
35114959,MOURA LACERDA COLEGIO UNIDADE I
35100213,MOYE PADRE COLEGIO
35288640,MULTIPLA ESCOLHA COLEGIO
27053717,MULTIPLO ESCOLA DE ENSINO FUNDAMENTAL E MEDIO LTDA
35165773,MULTIPLUS SCHOOL
41352726,MUNDIAL CEI EF M
24069140,MUNDIAL COLEGIO E CURSO LTDA
35802050,MUNDO ATUAL COLEGIO
35010251,MUNDO DO SABER UNIDADE II COLEGIO
35154507,MV COLEGIO
35176254,MVC COLEGIO DE PARAGUACU PAULISTA
33189617,MX EDUCACIONAL EIRELI
35142505,MZ TRILINGUAL SCHOOL
35810228,NACOES INSTITUTO EDUCACIONAL
35135586,NAHIM AHMAD COLEGIO
29103819,NANCI LIMA DE FREITAS E CIA LTDA
25117254,NATANAEL MUNIZ FALCAO FILHO
35188062,NATUREZA CENTRO EDUCACIONAL
35151026,NATUREZA ESCOLA
35179577,NAUTICO MOGIANO COLEGIO
43219713,NAVE-COLEGIO DO AMANHA
33200491,NDV EDUCACAO LTDA
35429673,NEC INSTITUTO EDUCACIONAL
35160490,NEC NUCLEO DE EDUCACAO CULTURA ENSINO FUNDAMENTAL E MEDIO
25129139,NEO GENESIS COLEGIO E CURSO
35135434,NEOLATINO COLEGIO
32063440,NEP NUCLEO EDUCACIONAL PIAGET
33186979,NES - NUCLEO DE EDUCACAO INFANTIL
35153217,NETWORK COLEGIO
35113086,NEXT COLEGIO
35143571,NICOLAU KERPEN COLEGIO
26170469,NIP - ESCOLA DE EDUCACAO APLICADA
35434361,NIPPO COLEGIO
35115848,NIVALDO SALCH STIPP PROF ESCOLAS INTEGRADAS
25128213,NM SERVICOS DE ENSINO FUNDAMENTAL LTDA
41145283,NOBEL CAYUA COLEGIO DE ENSINO MEDIO
41152450,NOBEL NOVO CENTRO C-EM
35118667,NOBILIS COLEGIO
35114236,NOMELINI CIRANDINHA COLEGIO
35106616,NOSSA SENHORA DA GLORIA COLEGIO MARISTA
35100171,NOSSA SENHORA DAS DORES COLEGIO
23186259,NOSSA SENHORA DAS GRACAS ESCOLA
35107116,NOSSA SENHORA DAS GRACAS ESCOLA
35104449,NOSSA SENHORA DAS GRACAS ESCOLA
35800089,NOSSA SENHORA DAS GRACAS INSTITUTO EDUCACIONAL COLEGIO
35107335,NOSSA SENHORA DAS MERCES COLEGIO MERCEDARIO
23161868,NOSSA SENHORA DE FATIMA COLEGIO
35109435,NOSSA SENHORA DE MISERICORDIA COLEGIO
35103697,NOSSA SENHORA DE SION COLEGIO
35258106,NOSSA SENHORA DO CARMO COLEGIO
35107190,NOSSA SENHORA DO ROSARIO COLEGIO
35101722,NOSSA SENHORA MENINA EXTERNATO
35101989,NOSSA SENHORA SAGRADO CORACAO EXTERNATO
41157982,NOSSA SRA DA CONCEICAO APARECIDA CEF M
41046056,NOSSA SRA MEDIANEIRA CEI EF M
50030116,NOTA 10 - UNIDADE GARCAS
50064827,NOTA 10 - UNIDADE MARACAJU
50031783,NOTA 10 INTERNACIONAL - UNIDADE GENERAL OSORIO
35110450,NOTRE DAME ESCOLA UNIDADE I
35158318,NOVA CACHOEIRINHA COLEGIO UNIDADE II
23267151,NOVA DIMENSAO COLEGIO
35811658,NOVA DIRETRIZ COLEGIO
35137546,NOVA ESTRELA GUIA ESCOLA UNIDADE I
41141024,NOVA GERACAO CEI EF M
35439526,NOVA GERACAO COLEGIO
35810575,NOVA GERACAO COLEGIO
35196976,NOVA GERACAO ESCOLA INTERNACIONAL
35811105,NOVA META COLEGIO
35144526,NOVA ODESSA COLEGIO EDUCACIONAL DE
35160234,NOVA VIDA ESCOLA
50060015,NOVAESCOLA
35100808,NOVE DE JULHO COLEGIO UNIDADE I
35369305,NOVO ALVO ESCOLA CRISTA DE EDUCACAO POR PRINCIPIOS
35467066,NOVO ANGLO BAURU
35439113,NOVO ANGLO JABOTICABAL ESCOLA
35173236,NOVO CICLO ESPACO EDUCACIONAL
35258143,NOVO COLEGIO SISTEMA DE ENSINO DE FRANCA LTDA
33199876,NOVO ENSINO COLEGIO E CURSO LTDA
41376455,NOVO ESPACO CEI EF M PROFI
35171487,NOVO ESPACO COLEGIO
41001249,NOVO HORIZONTE CEF M PROFIS
35119222,NOVO HORIZONTE COLEGIO
23236710,NOVO HORIZONTE COLEGIO
35808040,NOVO IDEAL CENTRO EDUCACIONAL
35165104,NOVO IDEAL COLEGIO
35805257,NOVOMUNDO COLEGIO
35159384,NOVOS CAMINHOS ESCOLA
28037723,NUCLEO AVANCADO DE ENSINO G8 LTDA
31278602,NUCLEO DE APRENDIZAGEM INTEGRAL
31264342,NUCLEO DE EDUC BOM PASTOR
16007735,NUCLEO DE EDUCACAO INTEGRADA - NEI
15163849,NUCLEO DE EDUCACAO PHYSICS LTDA
15114015,NUCLEO DE ENSINO PEQUENO PRINCIPE
15172732,NUCLEO DE ENSINO PROFISSIONAL DA AMAZONIA LTDA
31277185,NUCLEO EDUC BRAZ NETTO
15161625,NUCLEO EDUCACIONAL CRIATIVO
35139610,NUCLEO EDUCACIONAL FERRAZENSE
26105810,NUCLEO EDUCACIONAL MACHADO DE ASSIS
23251913,NUNES MORAES COLEGIO DE ENSINO FUNDAMENTAL E MEDIO CENTRO
35143736,O BOSQUE ENSINO FUNDAMENTAL E MEDIO
41046811,O CAMINHO C EI EF M
35119912,O FAROL COLEGIO
25056522,O PEQUENO DOUTOR
26177536,OASIS COLEGIO E CURSO
35141811,OBJETIVO ABC CEEFM UND 201
35132123,OBJETIVO ABC CENTRO EDUCACIONAL ENSINO MEDIO UNIDADE 104
35446221,OBJETIVO BERTIOGA BORACEIA UNIDADE II COLEGIO
35811191,OBJETIVO BERTIOGA COLEGIO
41385357,OBJETIVO C-EI EF M
35268562,OBJETIVO CAIEIRAS DE EDUCACAO INFANTIL E EDUC BASICA CO UNI
35119659,OBJETIVO CARAPICUIBA
35136888,OBJETIVO CENTRO EDUCACIONAL DE PRAIA GRANDE
35127115,OBJETIVO CENTRO EDUCACIONAL UNIDADE DE SAO CAETANO DO SUL
35811476,OBJETIVO CENTRO INTEGRADO DE EDUCACAO UNIDADE CAMPESTRE
35143200,OBJETIVO CENTRO INTERESCOLAR UNIDADE CANTAREIRA
35456731,OBJETIVO CENTRO INTERESCOLAR UNIDADE IPIRANGA
35103433,OBJETIVO CENTRO INTERESCOLAR UNIDADE PAULISTA
35132214,OBJETIVO CENTRO INTERESCOLAR UNIDADE PAZ
35140351,OBJETIVO CENTRO INTERESCOLAR UNIDADE POMPEIA
35120339,OBJETIVO CENTRO INTERESCOLAR UNIDADE VERGUEIRO
35165190,OBJETIVO CENTRO INTERESCOLAR UNIDADE XXVII
35158367,OBJETIVO COLEGIO
35267260,OBJETIVO COLEGIO
35140193,OBJETIVO COLEGIO
35118084,OBJETIVO COLEGIO DE CAMPINAS UNIDADE BARAO GERALDO
35133450,OBJETIVO COLEGIO I UNIDADE PINHEIROS
35399197,OBJETIVO COLEGIO INTEGRADO
35141367,OBJETIVO COLEGIO UNIDADE ALPHAVILLE
35131600,OBJETIVO COLEGIO UNIDADE CARAGUA
35131982,OBJETIVO DE CAMPINAS COLEGIO UNIDADE CAMBUI
35125313,OBJETIVO DE ITUVERAVA COLEGIO
35150034,OBJETIVO DE JAGUARIUNA
35174836,OBJETIVO DE SANTA BARBARA DOESTE COLEGIO
35809159,OBJETIVO DE SAO JOSE DO RIO PRETO COLEGIO
35139683,OBJETIVO DO LITORAL CENTRO EDUCACIONAL UNIDADE II
35481609,OBJETIVO DO LITORAL CENTRO EDUCACIONAL UNIDADE V
35154404,OBJETIVO DO LITORAL CENTRO EDUCACIONAL UNIDADE VI
35186259,OBJETIVO DO LITORAL CENTRO EDUCACIONAL UNIDADE VII
35290452,OBJETIVO DO LITORAL CENTRO EDUCACIONAL UNIDADE VIII
35196685,OBJETIVO EMBU DAS ARTES
35126974,OBJETIVO INTEGRADO DE MOGI DAS CRUZES COLEGIO
41389743,OBJETIVO JP PITANGA CEI EF M
35140995,OBJETIVO JUNIOR COLEGIO
35305674,OBJETIVO JUNIOR COLEGIO
35111132,OBJETIVO LEOPOLDO CESAR SOARES COLEGIO
35185383,OBJETIVO MAUA CENTRO EDUCACIONAL
35004360,OBJETIVO NHN DE ENSINO MEDIO UNIDADE MOCOCA
35450868,OBJETIVO SENIOR DE MOGI DAS CRUZES COLEGIO
35467765,OBJETIVO VILA INDUSTRIAL
35198959,OCTAGON COLEGIO
25127020,ODACY DE ANDRADE FREITAS SILVA
35103834,OFELIA FONSECA COLEGIO
35437153,OFICINA DO ESTUDANTE COLEGIO
15159060,OLIMPUS CENTRO DE ESTUDOS E FORMACAO
41027000,OLIMPUS COL- ENSINO FUNDAMENTAL E MEDIO
35293532,OLIVEIRA FERREIRA COLEGIO
35295188,OLIVEIRA GUIMARAES COLEGIO
35312101,OLIVEIRA NETTO COLEGIO
35806286,OLIVEIRA TELLES COLEGIO UNIDADE III
35805373,OLIVEIRAS COLEGIO
35385244,OMEGA COLEGIO ENSINO MEDIO
35803066,OMEGA COLEGIO II
35158732,ONIS COLEGIO
35104930,OPCAO COLEGIO TECNICO
41354818,OPCAO ESC EDUC INF ENS FUND MEDIO
26224658,OPVEST COLEGIO E CURSO
23235250,ORGANIZ EDUCAC LOPES PEREIRA LTDA COLEGIO SAO LUCAS
22135790,ORGANIZACAO EDUCACIONAL APOIO LTDA
22112596,ORGANIZACAO EDUCACIONAL COLEGIO DEZ LTDA
22326715,ORGANIZACAO EDUCACIONAL CRISTO LTDA
23258748,ORGANIZACAO EDUCACIONAL MANUEL DA SILVA SS LTDA- SEDE CARLITO
23076658,ORGANIZACAO EDUCACIONAL QUEIROZ BELEM SS LTDA
35118461,ORLANDIA CENTRO EDUCACIONAL DE
35131507,OSWALD DE ANDRADE COLEGIO UNIDADE II
35103275,OSWALDO CRUZ COLEGIOS INTEGRADOS PAIS LEME
35448643,OTAVIO MATOS NUCLEO EDUCACIONAL
35120030,OURO PRETO COLEGIO
24085499,OVER ABEL CABRAL
24285323,OVER LAGOA NOVA MARCILIO FURTADO
24089150,OVER MOSSORO
24087114,OVER PONTA NEGRA
24089133,OVER ZONA NORTE
35809385,PABLO NERUDA COLEGIO
35288482,PABLO PICASSO COLEGIO
35159694,PACAEMBU COLEGIO ENSINO FUNDAMENTAL E MEDIO
35120637,PADRE ANCHIETA COLEGIO
35113281,PADRE ANCHIETA ESCOLAS
35133176,PADUA COLEGIO
15176266,PAIDEIA EDUCACIONAL
31230308,PAINEIRA ESCOLA WALDORF
23267194,PAIVA ANDRADE COLEGIO
26186896,PAIVA EDUCACIONAL SA
35104607,PALMARES COLEGIO EFM
35172698,PALMEIRA D OESTE ESCOLA COMUNITARIA
35117754,PALMITAL COLEGIO
35805701,PALMYRA TAGLIARI EXTERNATO
35151385,PAN TERRA COLEGIO E PRE ESCOLA
35170732,PANAMBY ESCOLA
41037928,PANAMERICANO COLEGIO EDUCACAO INFANTIL ENSINO FUNDAMENTAL E MEDIO
35497997,PANDORA COLEGIO
35803996,PARAGUACU COLEGIO UNIDADE II
35160441,PARAISO COLEGIO
35150373,PARAISO COLEGIO
23165952,PARAISO SS LTDA COLEGIO
35482912,PARAMETROS COLEGIO
41024478,PARANA CEI EF M
35150228,PARQUE CONTINENTAL EXTERNATO
35809044,PARQUE ECOLOGICO INSTITUTO DE EDUCACAO
35439599,PARQUE ECOLOGICO INSTITUTO EDUCACIONAL
35160854,PARTENON COLEGIO
35126950,PARTICIPACAO COLEGIO
35124448,PASCHOAL DANTAS COLEGIO
35810538,PASCHOAL DANTAS II COLEGIO
35138654,PASSIONISTA SANTA MARIA COLEGIO
35185851,PASSO A PASSO ESCOLA DE EDUCACAO DE VOTUPORANGA
35151191,PASSO SEGURO COLEGIO
35179085,PATELLI ESCOLA
42123640,PATRICIA ELAINE KREUZBERG SILVA E CIA LTDA - ME
35102490,PAULA MONTALT MADRE COLEGIO
35106240,PAULICEIA COLEGIO
35133462,PAULISTA DE EDUCACAO BASICA ESCOLA
35101047,PAULISTA ESCOLA
35161299,PAULISTA INSTITUICAO DE ENSINO
35125908,PAULO DE TARSO COLEGIO
35154581,PAULO FREIRE CENTRO CONVIVENCIA EDUCACIONAL
23033045,PAULO FREIRE COLEGIO
35165049,PAULO FREIRE COLEGIO
23173351,PAULO FREIRE ESC DE 1 GRAU
33195340,PB CURSO DE ICARAI LTDA
33196214,PB CURSO ICARAI LTDA
35154593,PEDERNEIRAS COOPERATIVA EDUCACAO INSTITUTO ED E CULTURA DE
35150964,PEDREIRA FUNDACAO EDUCACIONAL
35807990,PEDRO E RAFAEL COLEGIO
35124527,PENHA DE FRANCA COLEGIO
35811385,PENHENSE ESCOLA ESP
33025673,PENSI CASULO RIO DAS OSTRAS
33067813,PENSI MARTINS
33071683,PENSI MARTINS
26138590,PENTAGONO COLEGIO E CURSO
35153163,PENTAGONO COLEGIO UNIDADE ALPHAVILLE
35139497,PENTAGONO COLEGIO UNIDADE CAIUBI
35134168,PENTAGONO COLEGIO UNIDADE CENTRO
35137133,PENTAGONO COLEGIO UNIDADE MORUMBI
35337717,PENTAGUNUM DE JUNDIAI COLEGIO
35466670,PEQUENO MUNDO ESCOLA DE EDUCACAO INFANTIL E FUNDAMENTAL
41001630,PEQUENO PRINCIPE CEI EF M
35114832,PEQUENO PRINCIPE COLEGIO
35153023,PEQUENO PRINCIPE COLEGIO
35802104,PERES GUIMARAES COLEGIO UNIDADE II
35811403,PERINI COLEGIO
23076259,PERPETUO SOCORRO ESCOLA DE EDUC INF E ENS FUND NOSSA SENHORA DO
35125726,PERSPECTIVA ESCOLA
35802244,PESSOA COLEGIO
35114467,PESTALOZZI ESCOLA UNIDADE I
35152729,PETROPOLIS COLEGIO
24056278,PH3 CENTRO EDUCACIONAL
51072521,PHOENIX - CENTRO EDUCACIONAL LTDA
35467789,PHOENIX COLEGIO
35135446,PIAGET COLEGIO
35568934,PIASO CENTRO EDUCACIONAL
35116476,PICONZE CENTRO EDUCACIONAL
35800247,PIEDADE UNIDADE EDUCACIONAL DE ENSINO INTEGRAL
35481154,PIETRA COLEGIO UNIDADE II
35165438,PILAR BONAS ASSOCIACAO DE ENSINO
41371968,PILARES CEI EF M
35140612,PILARES COLEGIO
23268441,PIMENTA COLEGIO
35158902,PINHALENSE CENTRO EDUCACIONAL
35139129,PINHEIRO ESCOLA
35107165,PIONEIRO CENTRO EDUCACIONAL
35135471,PIONNEIRO ESCOLA NORTE
35153291,PIRAJU COLEGIO EDUCACIONAL EFM
35186776,PIRASSUNUNGA CENTRO EDUCACIONAL DE ENSINO MEDIO
35161238,PIRITUBANO INSTITUTO EDUCACIONAL
35172868,PITAGORAS COLEGIO
35301486,PLANETA AZUL COLEGIO
35805051,PLANETA TERRA
41024575,PLATAO CEI EF M
26033909,PLENUS COLEGIO E CURSO
35304414,PLUS COLEGIO
35804101,PLUS DE EDUCACAO BASICA COLEGIO
35263473,POLIBRASIL COLEGIO
35806420,POLICIA MILITAR COLEGIO DA
35130540,POLICIA MILITAR COLEGIO DA
35481105,POLICIA MILITAR COLEGIO DA
35197269,POLICIA MILITAR COLEGIO DA
35307622,POLICIA MILITAR COLEGIO DA UNIDADE ITAQUERA
35395754,POLICIA MILITAR COLEGIO DA UNIDADE SANTO ANDRE
35809676,POLICIA MILITAR COLEGIO UNIDADE PENHA
35175572,POLIEDRO COLEGIO
35141159,POLIS COLEGIO PG E PRE ESCOLA
35140600,POLITEC COLEGIO
35569409,POLITECNICO DE SOROCABA COLEGIO FUA
35186485,POLLICARE COLEGIO
33322201,POLO EDUCACIONAL SESC - ESCOLA SESC DE ENSINO MEDIO
23127490,PONTES BARBOSA COLEGIO
23070730,PONTES COLEGIO
35159463,POPULUS COLEGIO
35436069,POPULUS DE ITATIBA COLEGIO
35811142,PORTAL DE LIMEIRA COLEGIO
35160672,PORTAL DIMENSAO 3 COLEGIO
35165931,PORTAL DO ENGENHO COLEGIO
35301536,PORTINARI COLEGIO
35421522,PORTINARI INSTITUTO DE ENSINO UNIDADE II
35176588,PORTINARI INSTITUTO EDUCACIONAL
29343232,PORTINARI SALVADOR
35802384,PORTO DOS BANDEIRANTES COLEGIO
35105429,PORTO UNIAO COLEGIO
41058569,POSITIVO JAGUARIAIVA CEI EF M
41056469,POSITIVO T BORBA COL - EDUC INF ENS FUND ENS MED
35135021,POTY ESCOLA
51067471,PPE - PRINA PITT ESCOLA
31273848,PRE ESC INF AQUARELA
35143972,PRE UNIVERSITARIO DE NHANDEARA COLEGIO
35130369,PREMEDICO COLEGIO
41165055,PREMERE CEM
35185632,PRESBITERIANA DE PRESIDENTE PRUDENTE ESCOLA
41368649,PRESBITERIANO CHAMBERLAIN - COLEGIO
35150198,PRESBITERIANO DE GUARULHOS COLEGIO
35368441,PRESCILA BONIFIGLIO GIANNINI COLEGIO
35158987,PRESIDENTE VENCESLAU ESCOLA COOPERATIVA DE
35118977,PRIGULE COLEGIO
41166043,PRIME C EM
52080110,PRIMEIRA INFANCIA COMUNIDADE EDUCACIONAL LTDA
35560145,PRIMEIRA OPCAO ESCOLA
35152407,PRIMEIRO MUNDO COLEGIO
35136897,PRIMO TAPIA COLEGIO
41027051,PRISMA - COLEGIO ENS FUND E MEDIO
35144733,PRISMA COLEGIO
35803868,PRISMA COLEGIO
35126366,PRISMA INSTITUTO DE EDUCACAO E CULTURA
31382388,PRIVEST - SISTEMA COC DE ENSINO - UNIDADE 2
41024397,PRO C-EM
35118163,PRO CONHECER ESCOLA
35156565,PRO SABER BIO COLEGIO
35140909,PRO SABER INSTITUTO DE ENSINO
33102961,PROCREO CENTRO EST AS EMPR EVENTOS COMERCIO LTDA
35286527,PROGRESSAO COLEGIO
35161861,PROGRESSAO COLEGIO
35483084,PROGRESSO BILINGUE UNIDADE II
35112513,PROGRESSO CAMPINEIRO COLEGIO
35140132,PROGRESSO COLEGIO
35114157,PROGRESSO DE ARARAQUARA COLEGIO
23265892,PROVECTO COLEGIO
23076208,PROVECTO COLEGIO
35123675,PRUDENTE DE MORAES COLEGIO
35121381,PRUDENTINA ESCOLA DE EDUCACAO BASICA
35134788,PUERI DOMUS ESCOLA ITAIM UNIDADE II
35800971,PUERI PAX COLEGIO
35114030,PURISSIMO CORACAO DE MARIA COLEGIO
51097605,Q I CENTRO EDUCACIONAL
33187924,QI QUALIDADE INTEGRAL DE ENSINO LTDA
35184974,QUERIGMA ESCOLA CATOLICA
35140703,QUINTAL SISTEMA EDUCACIONAL
23081430,RAIMUNDO NONATO VIEIRA COLEGIO
35140090,RAIOS DE SOL ESCOLA INTEGRADA
35449751,RAIZES INSTITUTO DE EDUCACAO E CULTURA
35099041,RANCHARIA COLEGIO DE ENSINO MEDIO DE
35809287,RANIERI COLEGIO
35812900,RAPHAEL DI SANTO INSTITUTO EDUCACIONAL
35152523,RAPOSO TAVARES COLEGIO
35115712,RAUL BAUAB DOUTOR FUNDACAO EDUCACIONAL COLEGIO
41082591,REAL CEI EF M
41061772,REALEZA CEI EF M
33104220,RECANTO INF IMACULADA CONCEICAO
33181560,RECREIO CHRISTIAN SCHOOL
35158604,RECRIART ESCOLA
33175195,REDE AZ COLEGIO E CURSO UNIDADE LICENCIADA ILHA
33191018,REDE DALTRO EDUCACIONAL
31253936,REDE DE ENSINO GENESIS
28037863,REDE DE ENSINO LIBERTAR LTDA
35186260,REDE DE ENSINO NOVO TEMPO
17007860,REDE DE ENSINO PROPOSITO - REP
17057175,REDE DE ENSINO PROPOSITO-REP
35008767,REDE DECISAO COLEGIO UNIDADE GUARULHOS
35063071,REDE DECISAO UNIDADE ANALIA FRANCO
35101618,REDE DECISAO UNIDADE FATIMA
35155287,REDE DECISAO UNIDADE GRAJAU
35139221,REDE DECISAO UNIDADE JARDIM PRUDENCIA
35168853,REDE DECISAO UNIDADE MONTE VIRGEM
35144241,REDE DECISAO UNIDADE NOVA ERA
35136943,REDE DECISAO UNIDADE POP
35138575,REDE DECISAO UNIDADE RENOVACAO
35287581,REDE DECISAO UNIDADE SAO PAULO MOOCA
35125398,REDE DECISAO UNIDADE SAUDE
35124576,REDE DECISAO UNIDADE TERRAMAR
35144770,REDE DECISAO UNIDADE UNIAO
35518785,REDE EDUCACIONAL DECISAO S A
53002075,REDE EDUCACIONAL FRANCISCANA COL SANTO ANTONIO
29641608,REDE EDUCACIONAL SANTO GRAAL
31374865,REDE M2 - PRADO
31375233,REDE M2 - VENDA NOVA
31222976,REDE PROSPER POCOS DE CALDAS
35812031,REDE UNICA EDUCACAO SA
41163524,REFERENCE C EF M
35800612,REGGIO EMILIA COLEGIO
41084950,REGINA MUNDI CEI EF M P
35107219,REGINA MUNDI COLEGIO
35134260,REINALDO ANDERLINI PROF CENTRO EDUCACIONAL
26111632,REINO COLEGIO E CURSO
35136136,REINO DE EDUCACAO BASICA COLEGIO
35154106,REINO DO ENSINO COLEGIO
35290518,REMBRANDT COC
35111144,RENASCENCA INSTITUTO EDUCACAO
35173460,RENASCER ARTE ESCOLA
24344320,RENASCER COLEGIO E CURSO LTDA
35154398,RENOVACAO COLEGIO
35112926,RENOVATUS COLEGIO E E I BRANCA DE NEVE
33022267,RESOLVE SANTA IGNEZ
35159700,RESSURRECAO SANTA MARIA COLEGIO
35116051,RESSURREICAO COLEGIO
35107050,RESSURREICAO COLEGIO
35116026,RESSURREICAO NOSSA SENHORA DO CALVARIO COLEGIO
35116415,RESSURREICAO RIO PRETO COLEGIO
35138083,REZENDE E REZENDE COLEGIO
21290229,RF ENSINO MEDIO LTDA
33149550,RH POSITIVO CENTRO EDUCACIONAL
29472466,RIBEIRO E ALMEIDA CENTRO EDUCACIONAL LTDA ME
35167563,RIBEIRO GOULART INSTITUTO DE EDUC ESC MAXIMUS
35430353,RIBEIRO MAIA COLEGIO
35112902,RIO BRANCO COLEGIO
35139646,RIO BRANCO COLEGIO UNIDADE GRANJA VIANA
35108972,RIO BRANCO EXTERNATO
35196848,RISCO MAGICO NUCLEO EDUCACIONAL
35151531,RITA DE CASSIA COLEGIO
35161123,RODIN COLEGIO
35133449,RODRIGUES ALVES COLEGIO ESGES
35139622,RUI BARBOSA COLEGIO
35158677,RUI BARBOSA COLEGIO
35132792,RUI BARBOSA COLEGIO
35117389,RUI BARBOSA ENSINO MEDIO COLEGIO
35155019,RUMO INICIAL COLEGIO
35157016,SAAB COLEGIO
35803170,SABER COLEGIO
41409230,SABER INTEGRAL CEI EF M
33520313,SABER SISTEMAS DE ENSINO
35109198,SAGRADA FAMILIA INSTITUTO DE ENSINO
35112574,SAGRADO CORACAO DE JESUS COLEGIO
41379691,SAGRADO CORACAOCEI EF M
35156231,SAINT CLAIR COLEGIO
35115708,SAINT EXUPERY COLEGIO
35137194,SAINT EXUPERY PEQUENO PRINCIPE COLEGIO SEPP
35160635,SAINT GERMAIN COLEGIO
35805567,SAINT GERMAIN COLEGIO
35009055,SAINT MARY S BILINGUAL SCHOOL
35153936,SAL DA TERRA COLEGIO
23066148,SALESIANO DOM BOSCO COLEGIO
51093065,SALESIANO SANTO ANTONIO - ESCOLA DE EDUCACAO BASICA
35143157,SALGUEIRO COLEGIO
35152511,SALMISTA COLEGIO
23077409,SALOME BASTOS COLEGIO
35370836,SAMARAH INSTITUTO EDUCACIONAL
35179905,SAN CONRADO COLEGIO
35144538,SANT ANNA COLEGIO
35498890,SANT ANNA PRO COLEGIO
35135562,SANTA BARBARA COLEGIO
35165396,SANTA BARBARA COLEGIO
35167782,SANTA BARBARA COLEGIO
35109848,SANTA CECILIA COLEGIO
35159712,SANTA CLARA COLEGIO
35803200,SANTA CLARA COLEGIO II
35101539,SANTA CRUZ LICEU
35107256,SANTA HELENA COLEGIO
35124072,SANTA INES COLEGIO
35110164,SANTA INES COLEGIO EIFM
35166406,SANTA ISABEL COLEGIO
35100304,SANTA LUCIA FILIPPINI COLEGIO
35167046,SANTA LUZ CENTRO EDUCACAO
41072111,SANTA MARIA C EI F M
35134272,SANTA MARIA COLEGIO
35101564,SANTA MARIA ESCOLA
23246456,SANTA MARIA LTDA ME COLEGIAL
35101941,SANTA MARINA ESCOLA
41029380,SANTA MARTA CEI EF M
33115478,SANTA MONICA CENTRO EDUCACIONAL MARICA
35108339,SANTA MONICA COLEGIO
33100985,SANTA MONICA REDE DE ENSINO - BARRA DA TIJUCA
33075620,SANTA MONICA REDE DE ENSINO - BENTO RIBEIRO
33113114,SANTA MONICA REDE DE ENSINO - CAMPO GRANDE
33075581,SANTA MONICA REDE DE ENSINO - CASCADURA
33148937,SANTA MONICA REDE DE ENSINO - FREGUESIA
33085609,SANTA MONICA REDE DE ENSINO - ILHA DO GOVERNADOR
33160031,SANTA MONICA REDE DE ENSINO - RECREIO DOS BANDEIRANTES
33084262,SANTA MONICA REDE DE ENSINO - SANTA CRUZ
33173907,SANTA MONICA REDE DE ENSINO - TAQUARA
33094861,SANTA MONICA REDE DE ENSINO MADUREIRA
33197946,SANTA MONICA REDE DE ENSINO NILOPOLIS
35125179,SANTA RITA COLEGIO
35137315,SANTA RITA COLEGIO PSG E ENSINO SUPLETIVO
35450339,SANTA ROSALIA COLEGIO
35159438,SANTA TEREZINHA INSTITUTO EDUCACIONAL
41063376,SANTANA COL ENS FUND ENS MED EDUC PROFIS
41151844,SANTO ANGELO E - EI EF
35802311,SANTO ANTONIO COLEGIO
23161671,SANTO ANTONIO COLEGIO
35117705,SANTO ANTONIO COLEGIO
35111247,SANTO ANTONIO INSTITUTO DE ENSINO
41024699,SANTO INACIO COLEGIO EDUCACAO INFANTIL ENSINO FUNDAMENTAL E MEDIO
35806500,SAO BENTO DO SAPUCAI COOPERATIVA EDUCACIONAL
35155743,SAO CAETANO INSTITUTO
35170331,SAO CARLOS INSTITUTO EDUCACAO DE ENSINO FUNDAMENTAL E MEDIO
35130904,SAO CARLOS INSTITUTO EDUCACIONAL ENSINO MEDIO
35102829,SAO DOMINGOS COLEGIO
35382619,SAO DOMINGOS SAVIO COLEGIO
35152821,SAO FRANCISCO COLEGIO
35257312,SAO FRANCISCO COLEGIO INTEGRADO
41144945,SAO FRANCISCO DE ASSIS CEF M
35144009,SAO FRANCISCO DE ASSIS COLEGIO
35139233,SAO FRANCISCO DE ASSIS COLEGIO
35172492,SAO FRANCISCO DE ASSIS INSTITUTO DE ENSINO
35142797,SAO JOAO COLEGIO ANGLO
35176624,SAO JOAQUIM COLEGIO
41112300,SAO JOSE CEI EF M
35165323,SAO JOSE CENTRO DE ENSINO
35113426,SAO JOSE COLEGIO
35108649,SAO JOSE COLEGIO
35141495,SAO JOSE COLEGIO
35118576,SAO JOSE COLEGIO
35154611,SAO JOSE COLEGIO ENSINO INFANTIL FUNDAMENTAL E MEDIO
35111958,SAO JOSE COLEGIO SALESIANO
35186600,SAO JOSE DE BASTOS ESCOLA
35102076,SAO JOSE DE VILA MATILDE ESCOLA
35477886,SAO JOSE ESPACO CULTURAL E INTERATIVO
35112318,SAO JOSE EXTERNATO
35100833,SAO JUDAS EXTERNATO
35101448,SAO JUDAS TADEU COLEGIO
35121344,SAO LUCAS COLEGIO
35118722,SAO LUCAS COLEGIO
35111235,SAO LUIS ESCOLA EDUCACAO INFANTIL ENSINO FUNDAMENTAL E MEDIO
41354648,SAO MARCOS CEI EF M
35143996,SAO MATEUS COLEGIO EEIEFM
35102295,SAO MATHEUS COLEGIO
35482638,SAO PAULO COLEGIO
35119118,SAO PAULO COLEGIO
35112306,SAO PAULO COLEGIO EDUC INF ENS FUND E MEDIO
35112288,SAO PAULO ESCOLA EDUCACAO INFANTIL EIFM
35117882,SAO PEDRO COLEGIO
23063440,SAO RAIMUNDO COLEGIO
35809184,SAO RAPHAEL COLEGIO
35150848,SAO ROQUE ESCOLA COOPERATIVA
35140004,SAO SABAS COLEGIO
23077484,SAO SEBASTIAO CENTRO EDUCACIONAL
35803881,SAO SEBASTIAO COLEGIO EDUCACAO INFANTIL E FUNDAMENTAL
35100785,SAO TEODORO DE NOSSA SENHORA DE SION ESCOLA
41053699,SAO TOMAZ DE AQUINO CEI EF M
35374040,SAPIENCIA INSTITUTO EDUCACIONAL
35152031,SAPIENS COLLEGIUM
35125436,SAPIENS CURSO E COLEGIO
29200091,SARTRE ESCOLA SEB - ITAIGARA
29530210,SARTRE ESCOLA SEB - MONET
35124459,SATELITE COLEGIO
23180323,SATIRO SIEBRA INSTITUTO DE ENSINO - IESS
35801628,SCALA COLEGIO
35805452,SCARANNE COLEGIO
27218180,SEB ESCOLAS DE ALTA PERFORMANCE LTDA
32083343,SEB ESCOLAS DE ALTA PERFORMANCE S A
33439800,SEC - SISTEMA DE ENSINO CONTEMPORANEO
25098349,SECULO COLEGIO E CURSO
25130730,SECULO COLEGIO E CURSO
25115260,SECULO COLEGIO E CURSO
33166900,SEI - SISTEMA DE ENSINO INTERATIVO
35118459,SEI ESCOLA
15590798,SEI-SISTEMA DE ENSINO INCENTIVO
33450226,SEICE SISTEMA DE ENSINO INTEGRADO DE CAMPOS ELISEOS
35138836,SELETIVO COLEGIO
35153047,SELETIVO CURSO E COLEGIO
41102932,SELS CEF M
35185437,SENA DE MIRANDA COLEGIO UNIDADE II
35449477,SENAC ACLIMACAO
35148885,SENAC BAURU
35148805,SENAC CAMPINAS
43009263,SENAC CAXIAS DO SUL
26176890,SENAC CENTRO DE FORMACAO PROFISSIONAL DO PAULISTA
42280265,SENAC DE JOINVILLE
35148623,SENAC FRANCISCO MATARAZZO
35148702,SENAC JABAQUARA
35148957,SENAC JUNDIAI
35148994,SENAC LAPA SCIPIAO
35287258,SENAC LAPA TITO
35269025,SENAC NACOES UNIDAS
35004681,SENAC PINDAMONHANGABA
35148970,SENAC PIRACICABA
35148866,SENAC RIBEIRAO PRETO
35148751,SENAC SANTOS
35569070,SENAC SAO BERNARDO DO CAMPO
35148878,SENAC SAO CARLOS
35148908,SENAC SAO JOSE DO RIO PRETO
35148945,SENAC SAO JOSE DOS CAMPOS
35004682,SENAC SAO MIGUEL PAULISTA
35148799,SENAC SOROCABA
26176840,SENAC-SERVICO NACIONAL DE APREDIZAGEM COMERCIAL
28034759,SENAI - CENTRO DE EDUCACAO TECNOLOGICA ALBANO FRANCO - CETAF-EST
28034872,SENAI - CENTRO DE EDUCACAO TECNOLOGICA ALBANO FRANCO-CETAF-AJU
28034899,SENAI - CENTRO DE EDUCACAO TECNOLOGICA COELHO E CAMPOS-CETCC
35137947,SENEMBY COLEGIO ENSINO FUNDAMENTAL E MEDIO
35810939,SENIOR COLEGIO ENSINO MEDIO
35179383,SENTIDO OBRIGATORIO COLEGIO
41060830,SEPAM CEI EF M
31293181,SEPRO -SIST EDUC PROF DE ITABIRA
35140648,SER COLEGIO
35560728,SER COLEGIO
35137674,SER SOROCABA COLEGIO
35137066,SERGIO BUARQUE DE HOLANDA COLEGIO
35119581,SERRANO GUARDIA COLEGIO
35441259,SERTAOZINHO SABER INSTITUTO EDUCACIONAL
42139465,SERVICO NACIONAL DE APRENDIZAGEM COMERCIAL
26169606,SERVICO NACIONAL DE APRENDIZAGEM COMERCIAL SENAC
53004949,SERVICO SOCIAL DO COMERCIO - EDUSESC MEC
25120867,SERVICO SOCIAL DO COMERCIO - SESC EDUCACAO
50028154,SESC ADMINISTRACAO REGIONAL NO ESTADO DO MATO GROSSO DO SUL
42001269,SESC SERVICO SOCIAL DO COMERCIO
33102708,SESI - SERVICO SOCIAL DA INDUSTRIA
35113384,SESI 005 CENTRO EDUCACIONAL
35112331,SESI 012 CENTRO EDUCACIONAL
35113062,SESI 013 CENTRO EDUCACIONAL
35111880,SESI 023 CENTRO EDUCACIONAL
35112045,SESI 024 CENTRO EDUCACIONAL
35116518,SESI 025 CENTRO EDUCACIONAL
35115678,SESI 026 CENTRO EDUCACIONAL
35111636,SESI 031 CENTRO EDUCACIONAL
35101266,SESI 032 CENTRO EDUCACIONAL
35102167,SESI 074 CENTRO EDUCACIONAL
35109236,SESI 077 CENTRO EDUCACIONAL
35108583,SESI 079 CENTRO EDUCACIONAL
35108625,SESI 080 CENTRO EDUCACIONAL
35114029,SESI 083 CENTRO EDUCACIONAL
35113712,SESI 085 CENTRO EDUCACIONAL
35109642,SESI 087 CENTRO EDUCACIONAL
35108832,SESI 094 CENTRO EDUCACIONAL
35112159,SESI 099 CENTRO EDUCACIONAL
35112215,SESI 101 CENTRO EDUCACIONAL
35114303,SESI 110 CENTRO EDUCACIONAL
35106677,SESI 111 CENTRO EDUCACIONAL
35111909,SESI 123 CENTRO EDUCACIONAL
35111545,SESI 124 CENTRO EDUCACIONAL
35111764,SESI 125 CENTRO EDUCACIONAL
35116865,SESI 136 CENTRO EDUCACIONAL
35117341,SESI 138 CENTRO EDUCACIONAL
35115629,SESI 143 CENTRO EDUCACIONAL
35117699,SESI 144 CENTRO EDUCACIONAL
35113645,SESI 156 CENTRO EDUCACIONAL
35110875,SESI 160 CENTRO EDUCACIONAL
35110693,SESI 162 CENTRO EDUCACIONAL
35108844,SESI 166 CENTRO EDUCACIONAL
35113542,SESI 176 CENTRO EDUCACIONAL
35110942,SESI 182 CENTRO EDUCACIONAL
35114224,SESI 185 CENTRO EDUCACIONAL
35111818,SESI 192 CENTRO EDUCACIONAL
35115186,SESI 205 CENTRO EDUCACIONAL
35116002,SESI 206 CENTRO EDUCACIONAL
35111090,SESI 207 CENTRO EDUCACIONAL
35113499,SESI 210 CENTRO EDUCACIONAL
35108856,SESI 221 CENTRO EDUCACIONAL
35109101,SESI 222 CENTRO EDUCACIONAL
35114601,SESI 227 CENTRO EDUCACIONAL
35111442,SESI 228 CENTRO EDUCACIONAL
35114397,SESI 235 CENTRO EDUCACIONAL
35116774,SESI 237 CENTRO EDUCACIONAL
35108397,SESI 240 CENTRO EDUCACIONAL
35114637,SESI 241 CENTRO EDUCACIONAL
35112461,SESI 242 CENTRO EDUCACIONAL
35115125,SESI 255 CENTRO EDUCACIONAL
35117821,SESI 260 CENTRO EDUCACIONAL
35115824,SESI 263 CENTRO EDUCACIONAL
35108868,SESI 265 CENTRO EDUCACIONAL
35117225,SESI 268 CENTRO EDUCACIONAL
35117365,SESI 280 CENTRO EDUCACIONAL
35117067,SESI 283 CENTRO EDUCACIONAL
35115435,SESI 296 CENTRO EDUCACIONAL
35114728,SESI 298 CENTRO EDUCACIONAL
35112471,SESI 299 CENTRO EDUCACIONAL
35111387,SESI 300 CENTRO EDUCACIONAL
35117535,SESI 308 CENTRO EDUCACIONAL
35113050,SESI 316 CENTRO EDUCACIONAL
35114561,SESI 317 CENTRO EDUCACIONAL
35116579,SESI 323 CENTRO EDUCACIONAL
35113967,SESI 334 CENTRO EDUCACIONAL
35115733,SESI 337 CENTRO EDUCACIONAL
35114121,SESI 339 CENTRO EDUCACIONAL
35112227,SESI 341 CENTRO EDUCACIONAL
35114686,SESI 342 CENTRO EDUCACIONAL
35114789,SESI 346 CENTRO EDUCACIONAL
35117109,SESI 348 CENTRO EDUCACIONAL
35116610,SESI 349 CENTRO EDUCACIONAL
35117328,SESI 368 CENTRO EDUCACIONAL
35113025,SESI 370 CENTRO EDUCACIONAL
35101771,SESI 379 CENTRO EDUCACIONAL
35117420,SESI 380 CENTRO EDUCACIONAL
35116154,SESI 381 CENTRO EDUCACIONAL
35110802,SESI 387 CENTRO EDUCACIONAL
35113924,SESI 390 CENTRO EDUCACIONAL
35108561,SESI 397 CENTRO EDUCACIONAL
35111582,SESI 399 CENTRO EDUCACIONAL
35111831,SESI 400 CENTRO EDUCACIONAL
35110541,SESI 401 CENTRO EDUCACIONAL
35107153,SESI 402 CENTRO EDUCACIONAL
35112859,SESI 403 CENTRO EDUCACIONAL
35116087,SESI 405 CENTRO EDUCACIONAL
35115241,SESI 407 CENTRO EDUCACIONAL
35113372,SESI 408 CENTRO EDUCACIONAL
35111173,SESI 411 CENTRO EDUCACIONAL
35131039,SESI 413 CENTRO EDUCACIONAL
35133401,SESI 415 CENTRO EDUCACIONAL
35137753,SESI 416 CENTRO EDUCACIONAL
35123535,SESI 420 CENTRO EDUCACIONAL
35154283,SESI 426 CENTRO EDUCACIONAL
35156619,SESI 428 CENTRO EDUCACIONAL
35168907,SESI 429 CENTRO EDUCACIONAL
35370824,SESI 432 CENTRO EDUCACIONAL
35419588,SESI 434 CENTRO EDUCACIONAL
35441843,SESI 436 CENTRO EDUCACIONAL
35466682,SESI 437 CENTRO EDUCACIONAL
26134332,SESI ARARIPINA
26189143,SESI BELO JARDIM
26168820,SESI CABO
26107210,SESI CAMARAGIBE
26151987,SESI CARUARU
32079982,SESI ES - CENTRO DE ATIVIDADES SERGIO ROGERIO DE CASTRO
26098911,SESI ESCADA
51093650,SESI ESCOLA CUIABA
24072230,SESI ESCOLA MACAU
24072222,SESI ESCOLA MOSSORO
26172879,SESI GOIANA
26168154,SESI IBURA
26185970,SESI MORENO
26115441,SESI PAULISTA
26036401,SESI PETROLINA
42156360,SESI SC - BLUMENAU II
42156378,SESI SC - BRUSQUE IV
42156394,SESI SC - CHAPECO III
42156386,SESI SC - CONCORDIA II
42102308,SESI SC - CRICIUMA II
42156530,SESI SC - FLORIANOPOLIS
42156351,SESI SC - ITAJAI II
42162670,SESI SC - ITAJAI III
42148200,SESI SC - JARAGUA DO SUL
42156343,SESI SC - JOINVILLE MOINHO
42156327,SESI SC - LAGES II
42106257,SESI SC - RIO DO SUL
42156319,SESI SC - SAO JOSE II
42156300,SESI SC - SAO MIGUEL DO OESTE II
42156297,SESI SC - TIJUCAS
42156289,SESI SC - TUBARAO II
51043360,SESI SERVICO SOCIAL DA INDUSTRIA - SESIESCOLA - VG
26167115,SESI VASCO DA GAMA
33108617,SESI- SERVCO SOCIAL DA INDUSTRIA
35130928,SETA COLEGIO
31310751,SEV SOCIEDADE EDUCACIONAL DE VAZANTE
35807825,SHANGRI LA COLEGIO
35141616,SHUNJI NISHIMURA COLEGIO
35442720,SHUNJI NISHIMURA ESCOLA SENAI
35159177,SIDARTA COLEGIO
41158512,SIGMA COLEGIO - EM
35138216,SIGMUND FREUD COLEGIO
35155111,SILOGEU COLEGIO
35567516,SILVIO GONZALEZ COLEGIO
35173903,SIMETRIA COLEGIO
35142612,SINGULAR COLEGIO
35135148,SINGULAR COLEGIO
35429089,SINGULAR COLEGIO TECNICO
35109228,SINGULAR UNIDADE SAO CAETANO COLEGIO
35144150,SION COLEGIO
31320536,SISTEMA APOIO DE ENSINO
15140725,SISTEMA DE ENSINO AMAZONIA
15171523,SISTEMA DE ENSINO AUTHENTICO
35802189,SISTEMA DE ENSINO COLEGIO
15176851,SISTEMA DE ENSINO CONFIANCA
15174310,SISTEMA DE ENSINO CONTEXTUAL
15995933,SISTEMA DE ENSINO CTEM
15229408,SISTEMA DE ENSINO EQUIPE
15167275,SISTEMA DE ENSINO EQUIPE INTEGRADO EIRELI - EPP
15175448,SISTEMA DE ENSINO EQUIPE PARAGOMINAS LTDA
15169774,SISTEMA DE ENSINO EVOLUCAO
31370100,SISTEMA DE ENSINO FOCO
15161366,SISTEMA DE ENSINO INOVE
25126229,SISTEMA DE ENSINO LAPIS NA MAO
15167178,SISTEMA DE ENSINO LOGOS LTDA
33177996,SISTEMA DE ENSINO LOIDE MARTHA
15174433,SISTEMA DE ENSINO ROSANA BASTOS
51062062,SISTEMA DE ENSINO SAO BENEDITO
15563235,SISTEMA DE ENSINO UNIVERSO
15175316,SISTEMA DE ENSINO UNIVERSO BARCARENA
33161704,SISTEMA DE ENSINO UNIVERSUS LTDA
15587983,SISTEMA DE ENSINO VESTIBULANDO
25062832,SISTEMA DINAMICO DE ENSINO - CANTINHO DO SABER
25098578,SISTEMA EDUC GENIUS LTDA - COLEGIO MASTER BESSA
15581900,SISTEMA EDUCACIONAL ACROPOLE BELEM
31353990,SISTEMA EDUCACIONAL BATISTA CASTRO
32078684,SISTEMA EDUCACIONAL BRASILEIRO DE EDUCACAO BASICA - SEB JARDIM DA PENHA
15159930,SISTEMA EDUCACIONAL DE ENSINO FUNDAMENTAL E MEDIO LTDA
21331669,SISTEMA EDUCACIONAL MASTER
26095904,SISTEMA EDUCACIONAL RADAR
35165578,SISTEMA EDUCACIONAL SOROCABA
15165833,SISTEMA EDUCACIONAL UNIVERSO POSITIVO
33149780,SISTEMA ELITE DE ENSINO
33182884,SISTEMA ELITE DE ENSINO
33172331,SISTEMA ELITE DE ENSINO
33140626,SISTEMA ELITE DE ENSINO
33152276,SISTEMA ELITE DE ENSINO
33520321,SISTEMA ELITE DE ENSINO - CAMPO GRANDE I
33162999,SISTEMA ELITE DE ENSINO - NORTE SHOPPING
33125228,SISTEMA ELITE DE ENSINO - SANTA CRUZ
33139032,SISTEMA ELITE DE ENSINO - SAO GONCALO
33169713,SISTEMA ELITE DE ENSINO - TAQUARA
33526249,SISTEMA ELITE DE ENSINO - VILA VALQUEIRE
33159130,SISTEMA ELITE DE ENSINO- UNIDADE BANGU
33122245,SISTEMA ELITE DE ENSINO- UNIDADE REALENGO
35118291,SISTEMA INTEGRADO DE EDUCACAO INFANTIL E ENSINO FUNDAMENTAL DE BATATAIS LTDA
15096009,SISTEMA INTEGRADO DE ENSINO LIMA PINHEIRO
35806468,SISTEMA MAIEUTICA DE EDUCACAO
35159414,SISTEMA PARTICULAR DE ENSINO PORTAL
31007587,SISTEMA PIAGET DE ENSINO
41057961,SITIO DO PICA PAU AMARELO C EI EF M
35119520,SOBEN CENTRO EDUCACIONAL
15528715,SOC DE EDUC INTEG HUMANA DO BRASIL
22115820,SOC EDUC MERITO D MARTONNE
33133808,SOC PARA O LAZER E APOIO NO TRAB EDC - PLANTE
53017986,SOCIEDADE ANCHIETA DE EDUCACAO INTEGRAL
42151775,SOCIEDADE AVANTIS DE ENSINO E ESCOLA DE AVIACAO CIVIL LTDA
33063656,SOCIEDADE BRASILEIRA DE ENSINO - COLEGIO SION
29432359,SOCIEDADE CULTURAL E EDUC MIMOSO DO OESTE SC LTDA
32041373,SOCIEDADE CULTURAL MONTEIRO LOBATO CEMS
27053997,SOCIEDADE DE EDUCACAO BASICA DE ALAGOAS LTDA
33313210,SOCIEDADE DE ENSINO SANTANNA COUTINHO
42144329,SOCIEDADE EDUC BALNEARIO CAMBORIU
35463115,SOCIEDADE EDUCACAO E ATITUDE
33054126,SOCIEDADE EDUCACIONAL COMECINHO DE VIDA
33099324,SOCIEDADE EDUCACIONAL CONSTRUTIVISTA DE ITAOCARA LTDA
33190747,SOCIEDADE EDUCACIONAL DE VENCEDORES LTDA - COLEGIOTAMANDARE
33126976,SOCIEDADE EDUCACIONAL ITAUNA
43175317,SOCIEDADE EDUCACIONAL MARIO QUINTANA LTDA
41486846,SOCIEDADE EDUCACIONAL NOVO EDEN LTDA
33456232,SOCIEDADE EDUCACIONAL PAULO FREIRE
22080325,SOCIEDADE EDUCACIONAL PAULO FREIRE LTDA ME
22124993,SOCIEDADE EDUCACIONAL POTENCIAL LTDA
33138567,SOCIEDADE EDUCACIONAL RENATO COZZOLINO ANEXO
52049108,SOCIEDADE EDUCACIONAL VALPARAISO LTDA-ME
35418961,SOCIEDADE EDUCATIVA EQUILIBRIO ESCOLA EF
25111590,SOCIEDADE GUARABIRENSE DE EDUCACAO LTDA
35307592,SOLUCAO MASTER COLEGIO
35154726,SONHO MEU CENTRO DE EDUCACAO INTEGRADA
23085789,SONIA BURGOS DE MACEDO LTDA EEFM
31371726,SOPHIS EDUCACIONAL
35446294,SOPHUS COLEGIO
35122968,SOROCABA COLEGIO ENSINO INFANTIL E FUNDAMENTAL
35111995,SOROCABANA ORGANIZACAO DE ENSINO INSTITUTO EDUCACAO
26036070,SORRISO COLEGIO E CURSO
35299984,SOTER COLEGIO
35165220,SOUZA E CRUZ COLEGIO
35185760,SOUZA GOUVEIA COLEGIO
35102180,SOUZA LOPES COLEGIO
35140348,SPINOSA COLEGIO UNIDADE II
35568582,STAR MAX COLEGIO
35109733,STELLA MARIS COLEGIO
41133692,STELLA MARIS JUVEVE
41387538,STELLA MARIS XAXIM
35108698,STOCCO COLEGIO
35158483,STOCKLER COLEGIO
35107773,SUICO BRASILEIRA SAO PAULO ESCOLA
41135946,SUICO-BRASILEIRO DE CURITIBA COL EDUC INF EF MED
35156553,SULLER GARCIA COLEGIO
35497236,SUMARE ESCOLA CRISTA DE
33173680,SUPERA MUNDI EDUCACAO
35259317,TABLEAU COLEGIO
35116701,TABLEAU COLEGIO
35259238,TABLEAU COLEGIO
35168373,TABLEAU COLEGIO
35268422,TABLEAU COLEGIO SOROCABA
35151452,TABOAO CENTRO EDUCACIONAL
35407641,TALENTO COLEGIO ENSINO MEDIO
35194165,TALENTOS COLEGIO
35325983,TALES DE MILETO COLEGIO
35304888,TALES DE MILETO COLEGIO
35154003,TALLES DE MILETO COLEGIO
35169675,TAMBAUENSE COLEGIO DE ENSINO
35446877,TANABI CENTRO EDUCACIONAL
35112057,TATUIENSE ORGANIZACAO DE ENSINO
35805063,TECLA COLEGIO
35125465,TECNO SERT COLEGIO
35004933,TEIA MULTICULTURAL ESCOLA DE ENSINO FUNDAMENTAL E MEDIO
35154684,TEMA COLEGIO
35440383,TEMA COLEGIO
35126412,TEMA DE ENSINO FUNDAMENTAL E MEDIO COLEGIO
35140181,TERESA DE CALCUTA ESCOLA DE 1 GRAU
35160271,TERRA MATER COLEGIO
35809883,TERRA NOVA COLEGIO
35429173,THE JOY SCHOOL
35154817,THOMAZ TREGLIA COLEGIO
23251832,TIRADENTES COLEGIO
35258039,TOBIAS DE AGUIAR COLEGIO
35139373,TOULOUSE LAUTREC ESCOLA EDUC INFANTIL ENS FUNDAMENTAL MEDIO
35166352,TREVO COLEGIO
35124631,TREVO MASTER GRUPO EDUCACIONAL
35085455,TRIACAO COLEGIO
35142761,TRIANGULO CENTRO EDUCACIONAL
29422256,TSSA TEENS CENTRO DE EDUCACAO LTDA
35139336,TYTO ALBA COLEGIO
21498814,UE EDEN LTDA
41376897,UEPT 1 - UNIDADE DE EDUCACAO PRO E TECNOLOGICA DE CURITIBA CENTRO- SENAC
41152131,UEPT 10 - UNIDADE DE EDUCACAO PRO E TECNOLOGICA DE UMUARAMA- SENAC
41152212,UEPT 18 - UNIDADE DE EDUCACAO PRO E TECNOLOGICA DE UNIAO DA VITORIA- SENAC
41152220,UEPT 19 - UNIDADE DE EDUCACAO PRO E TECNOLOGICA DE JACAREZINHO- SENAC
41152050,UEPT 2 - UNIDADE DE EDUCACAO PRO E TECNOLOGICA DE LONDRINA CENTRO- SENAC
41152255,UEPT 22 - UNIDADE DE EDUCACAO PRO E TECNOLOGICA DE IVAIPORA- SENAC
41152310,UEPT 34 - UNIDADE DE EDUCACAO PRO E TECNOLOGICA DE MATINHOS CAIOBA- SENAC
41158482,UEPT 39 - UNIDADE DE EDUCACAO PRO E TECNOLOGICA DE SAO JOSE DOS PINHAIS- SENAC
41158490,UEPT 42 - UNIDADE DE EDUCACAO PRO E TECNOLOGICA DE LONDRINA NORTE- SENAC
41164911,UEPT 48 - UNIDADE DE EDUCACAO PRO E TECNOLOGICA DE ARAPONGAS- SENAC
41152093,UEPT 6 - UNIDADE DE EDUCACAO PRO E TECNOLOGICA DE FOZ DO IGUACU- SENAC
35141586,UIRAPURU COLEGIO
28037570,UNI MAIS COLEGIO LTDA
15038432,UNIAO AMAZONIDA DE EDUCACAO E ASSISTENCIA - UNAMEA
33103437,UNIAO EDUC SUL FLUMINENSE
33439818,UNICO COLEGIO E VESTIBULARES
53016726,UNICO EDUCACIONAL
53017293,UNICO EDUCACIONAL TAGUATINGA
35150988,UNICOLEGIO ARACATUBA
35809559,UNICULTURA COLEGIO
33069778,UNID EDUC GAMA E SOUZA
22028790,UNID ESC PARQUE PIAUI UNESPP
29447208,UNIDADE CRIATIVA DE ENSINO MEDIO - UNICEM
43216471,UNIDADE DE ENSINO COLEGIO SINODAL PRADO GRAVATAI
43146422,UNIDADE DE ENSINO SAO LUCAS
23281065,UNIDADE DE NEGOCIOS SESI CENTRO
23025603,UNIDADE DE NEGOCIOS SESI SOBRAL - ESCOLA SESI PROFESSORA SILVANA MACHADO DOS SANTOS
22015701,UNIDADE ESCOLAR ALCENOR CANDEIRA
22004700,UNIDADE ESCOLAR PEQUENO PRINCIPE
22146199,UNIDADE ESCOLAR SAO LUIZ GONZAGA DIOCESANO MEDIO
27047849,UNIDADE INTEGRADA SESI SENAI CARLOS GUIDO FERRARIO LOBO
35141409,UNIDADE JABOTICABAL DE ENSINO COLEGIO
29478847,UNIDADE NORTE
29353203,UNIDADE SESI CANDEIAS
43096883,UNIDADE SESI DE ENSINO MEDIO FRANSCISCO XAVIER KUNST NOVO HAMBURGO
43081584,UNIDADE SESI DE ENSINO MEDIO SESI ARTHUR ALUIZIO DAUDT SAPUCAIA DO SUL
29470714,UNIDADE SESI FEIRA DE SANTANA
29532400,UNIDADE SESI ITAPAGIPE
29470722,UNIDADE SESI OESTE BARREIRAS
29464153,UNIDADE SESI OESTE LUIS EDUARDO MAGALHAES
29999740,UNIDADE SESI PIATA
29422981,UNIDADE SESI RETIRO
29467845,UNIDADE SESI SUDOESTE VITORIA DA CONQUISTA
29470706,UNIDADE SESI SUL ILHEUS
35292175,UNIMOR COLEGIO NUCLEO 2
35151798,UNISUZ COLEGIO
50029312,UNITRES
35159244,UNIVERSAL STAR COLEGIO
24018686,UNIVERSIDADE DA CRIANCA
24036099,UNIVERSIDADE DA CRIANCA E DO ADOLESCENTE
21261253,UNIVERSIDADE INFANTIL RIVANDA BERENICE LTDA
35109022,UNIVERSITARIO ABC COLEGIO
35141355,UNIVERSITARIO ALPHAVILLE COLEGIO
35131829,UNIVERSITAS ENSINO MEDIO COLEGIO
35136876,UNIVERSO COLEGIO
23078251,UNIVERSO COLEGIO
32078510,UP CENTRO EDUCACIONAL
32076169,UP CENTRO EDUCACIONAL
32077610,UP CENTRO EDUCACIONAL
21010064,UPAON EDUCACIONAL LTDA
17054079,UPERIMM INSTITUTO DE ENSINO LTDA
35139063,URSA MAIOR CENTRO EDUCACAO PEDAGOGIA MODERNA PG UNIDADE II
35118990,VACCARO COLEGIO
35158471,VALCAM COLEGIO EDUCACAO BASICA E EDUCACAO PROFISSIONAL
23090600,VALE DO CURTUME E E F M
35167447,VAN GOGH COLEGIO
23251859,VASCONCELOS VIEIRA COLEGIO
23462604,VEGA COLEGIO
35188712,VEM SER COLEGIO
35568156,VENCESLAUENSE COLEGIO
35150885,VERA CRUZ ESCOLA UNIDADE III
35144320,VERDE QUE TE QUERO VERDE ESCOLA
35166005,VERITAS ENSINO MEDIO
35126457,VERTEX COLEGIO
35141240,VERTICE COLEGIO UNIDADE II
35120406,VERUSKA COLEGIO
35568173,VIA SAPIENS EDUCACAO INTEGRADA
35809913,VIANNA COLEGIO
23225890,VIDA VIVA CENTRO EDUCACIONAL
41159551,VILA MILITAR COLEGIO
35448527,VILA SOL CENTRO EDUCACIONAL
35449143,VILA VERDE CENTRO EDUCACIONAL
35576839,VILARTE ESCOLA DE EDUCACAO INFANTIL E FUNDAMENTAL
35363479,VILAS BOAS BRAGA COLEGIO
35158689,VILLA LOBOS COLEGIO
35162164,VILLA LOBOS COLEGIO
35807680,VILLA LOBOS COLEGIO
35802190,VINHEDO COLEGIO DE
35155196,VINICIUS DE MORAES COLEGIO
35167411,VINICIUS DE MORAES COLEGIO
35150265,VIP COLEGIO JARDIM TREMEMBE
25126210,VIP COLEGIO QI SUL
25132687,VIP COLEGIO QI TORRE
35167459,VIP COLEGIO UNIDADE IMIRIM
35169468,VIP SERRA COLEGIO
35433342,VISAO COLEGIO
35141501,VISCONDE DE ITABORAI COLEGIO
35463279,VITAL BRAZIL COLEGIO
35122415,VITORELI COLEGIO
35165372,VITORIA COLEGIO
35297410,VITORIANO COLEGIO
35187185,VITTA VIVACE COLEGIO UNIDADE II
35154210,VIVA ESCOLA
35288792,VIVENDA ESCOLA DE EDUCACAO E ENSINO
35809512,VIVENDO E APRENDENDO COLEGIO
35196964,VIVER APRENDENDO COLEGIO
26110091,VIVER CENTRO EDUCACIONAL
35103378,VIVER COLEGIO
35288779,VIVER E APRENDER CENTRO PEDAGOGICO
35150125,VIVERDE ESCOLA DE EDUCACAO BASICA
35113931,VIVERE LICEU
33153442,VOLTAIRE COLEGIO E VESTIBULARES
35116506,VOTUPORANGUENSE DE ENSINO ESCOLA
35138526,WALDORF DE SAO PAULO ESCOLA
35101084,WALDORF FRANCISCO DE ASSIS ESCOLA
35107736,WALDORF RUDOLF STEINER ESCOLA
35808702,WALDORF VEREDAS ESCOLA ASSOCIATIVA
35100328,WELLINGTON CENTRO DE ENSINO INTEGRADO
35463401,XI DE AGOSTO COLEGIO
35152973,XI DE AGOSTO COLEGIO
35116932,XI DE AGOSTO COLEGIO
35165621,XV DE NOVEMBRO COLEGIO INTEGRADO
26110105,YAPOATAM COLEGIO E CURSO LTDA
35195790,YEDA MARIA PROFA COLEGIO
35142876,ZAMPIERI COLEGIO
35176229,ZELINDA PIFFER BANHE CENTRO EDUCACIONAL
33199949,ZEROHUM EDUCACAO S A
35100419,ZETA SISTEMA DE ENSINO DE BIRIGUI
